NAME,avg_land_cover,YEAR
Keokuk,74.76699608544315,2010
Winnebago,77.88371245279947,2010
Kearny,74.139730890311,2010
Mitchell,73.28939641739845,2010
Stanton,76.6050350840628,2010
Anderson,54.408686436713566,2010
Bullitt,49.21242992114139,2010
Clark,66.36852506888478,2010
Daviess,64.76059835112476,2010
Elliott,45.012199713277944,2010
Hardin,56.610521720244705,2010
Harrison,63.58841770114762,2010
Hopkins,61.14257355365477,2010
Leslie,40.827429815450095,2010
McCreary,42.1809037125401,2010
Madison,59.55682148694892,2010
Marion,60.766231398418206,2010
Morgan,45.45392517424395,2010
Autauga,56.04213053064909,2010
Baldwin,59.965658950408596,2010
Clarke,55.66299098713244,2010
DeKalb,57.18440584449488,2010
Fayette,52.279764823059665,2010
Jefferson,38.77519250653026,2010
Mobile,55.11302953793599,2010
Montgomery,61.073496566354486,2010
Wilcox,57.73840802037187,2010
Fairbanks North Star,,2010
Nome,,2010
Southeast Fairbanks,,2010
Apache,49.50370262284205,2010
Gila,47.77098530599634,2010
La Paz,51.961776828879636,2010
Maricopa,50.12071867665232,2010
Carroll,55.60273484310053,2010
Clark,53.40862124064885,2010
Conway,58.31107164888209,2010
Jefferson,67.18267519352933,2010
Lafayette,58.265271266035676,2010
Mississippi,77.5405871025181,2010
Phillips,75.65694273685779,2010
Prairie,75.10130684831311,2010
Sebastian,52.69120833343917,2010
White,65.88718273603905,2010
Butte,57.05446094543815,2010
Calaveras,49.64086717808557,2010
Colusa,68.85202519500102,2010
El Dorado,42.94836369351866,2010
Fresno,60.62988526545263,2010
Humboldt,45.173312724615904,2010
Lake,48.03790613765595,2010
Los Angeles,44.32774213337672,2010
Mendocino,46.43823389099351,2010
Monterey,60.07921214310696,2010
Santa Barbara,56.691160780993556,2010
Sonoma,50.88777043557831,2010
Yolo,69.78163735310677,2010
Costilla,51.22664899658579,2010
Eagle,46.21248303790004,2010
Fremont,49.50634270187704,2010
Hinsdale,49.76006777921046,2010
Jackson,54.24465904341396,2010
La Plata,49.32565731303104,2010
Ouray,45.04446475461898,2010
San Juan,49.651653183619146,2010
New Haven,36.62940196083915,2010
District of Columbia,23.611392321349538,2010
Brevard,55.28955503686335,2010
Columbia,60.671490130827195,2010
Duval,45.095140255497874,2010
Gilchrist,64.35409678871255,2010
Gulf,73.59356469821878,2010
Lee,50.80994768287533,2010
Okeechobee,70.75360234760213,2010
Osceola,68.72155661891102,2010
Pinellas,29.161920791471704,2010
Polk,62.81678913805664,2010
Putnam,52.535183983702666,2010
Suwannee,59.99977611565684,2010
Taylor,67.7066672032634,2010
Union,61.98459691743619,2010
Appling,66.08181412875525,2010
Baker,65.63022369201259,2010
Brantley,64.7628156570071,2010
Bryan,61.91016885766702,2010
Chatham,56.27381294680107,2010
Hall,41.20009211397526,2010
Haralson,47.394932968831675,2010
Houston,55.5050587721047,2010
Mitchell,66.41589849521111,2010
Montgomery,63.44600861000754,2010
Muscogee,39.03074506918702,2010
Oconee,52.196414019449705,2010
Pierce,67.23951636410746,2010
Talbot,48.00321939702111,2010
Tattnall,67.26769880956957,2010
Union,43.548599597441026,2010
Maui,,2010
Adams,51.18298591955321,2010
Bannock,54.07501190263959,2010
Blaine,54.87325003105283,2010
Butte,52.39481556850865,2010
Camas,55.886115210944766,2010
Cassia,60.159415220645315,2010
Clearwater,44.51598988353671,2010
Franklin,56.46876481168255,2010
Fremont,52.9529048889935,2010
Idaho,49.29799810145592,2010
Lewis,66.69766113124255,2010
Alexander,61.66465169120398,2010
Cass,71.84345377162003,2010
Clinton,70.69038775146679,2010
DuPage,29.31600481049382,2010
McDonough,72.6650324565205,2010
Mason,72.76777357866875,2010
Pulaski,69.84030693177623,2010
Allen,61.01016583311398,2010
Gibson,70.73689839125403,2010
Harrison,56.04807675131633,2010
Jackson,62.71396278978562,2010
Miami,69.64504406604843,2010
Perry,49.11879051812838,2010
Pulaski,73.75577228073571,2010
Wells,73.69441456560548,2010
Cass,76.94734225809627,2010
Goliad,65.19091340365374,2010
Grimes,68.33537084663945,2010
Hidalgo,63.99743916283211,2010
Houston,62.525210844473925,2010
Irion,51.80612981484297,2010
Kleberg,68.18177378962386,2010
Lamar,68.87473688365975,2010
Martin,63.40710095099312,2010
Newton,57.99574951469526,2010
Orange,59.372763459524386,2010
Rains,67.37375157060472,2010
Robertson,68.9278633074402,2010
San Patricio,72.42177986490124,2010
Smith,59.4560261694759,2010
Terrell,51.90674895291234,2010
Travis,45.09000367176151,2010
Van Zandt,70.14202487988145,2010
Walker,57.16648099760205,2010
Washington,71.41508615630536,2010
Wharton,75.820322252535,2010
Winkler,50.460171153540145,2010
Wood,61.414912141365036,2010
Beaver,50.60916884517784,2010
Box Elder,45.92883280261094,2010
Duchesne,50.01011689193256,2010
Emery,50.51330892701377,2010
Grand,49.59943704861008,2010
Kane,48.420851445913,2010
Tooele,43.33157324125979,2010
Windsor,44.95695292263984,2010
Nicholas,61.28851378427091,2010
Owsley,43.51368463479602,2010
Pike,41.052644307328784,2010
Whitley,45.22505209882732,2010
Wolfe,45.12808873081243,2010
Ascension,66.6288171411058,2010
Beauregard,58.44654637967435,2010
Bienville,54.368668390974186,2010
Bossier,57.29758162922748,2010
Catahoula,73.27128660188077,2010
Concordia,77.79132567997749,2010
LaSalle,58.51880011182145,2010
Livingston,61.532022892841944,2010
Natchitoches,59.54354313542892,2010
Ouachita,61.55522466217889,2010
Rapides,60.440785155225164,2010
St. Landry,78.58523573384649,2010
Vermilion,75.57126472265456,2010
Webster,54.546964495442815,2010
West Carroll,79.40763255298697,2010
Sagadahoc,45.54090205912149,2010
Waldo,49.46139185075127,2010
Anne Arundel,39.709200072682,2010
Calvert,44.55628165093623,2010
Caroline,70.95142174160016,2010
Garrett,47.24372915591455,2010
Harford,51.85798036776569,2010
Howard,44.26959912333517,2010
Washington,53.880013233315246,2010
Barnstable,34.19502912957254,2010
Baraga,55.466076406886984,2010
Delta,70.43771077242853,2010
Iron,55.195103821173454,2010
Presque Isle,66.70971089200054,2010
St. Clair,62.623467912087605,2010
Wayne,29.487242709943807,2010
Big Stone,73.74425424654649,2010
Brown,76.35744094875434,2010
Cass,54.805425344041765,2010
Cook,50.98760215898805,2010
Isanti,71.1288109146195,2010
Kittson,78.19580598401035,2010
Lake,56.74330841092545,2010
St. Louis,60.58857116996783,2010
Wright,65.4087772266027,2010
Attala,56.342018402454165,2010
Bolivar,77.53706341840355,2010
Claiborne,53.321103787115874,2010
Holmes,62.95472670025933,2010
Newton,59.71333578766733,2010
Warren,59.91652395360763,2010
Washington,75.68037648201677,2010
Yazoo,67.16032899060478,2010
Boone,58.153476998764546,2010
Butler,65.36345897695871,2010
Callaway,59.53569604990373,2010
Carroll,73.1985407050831,2010
Chariton,73.50295402597368,2010
Dunklin,77.47341300658032,2010
Henry,69.00729457757872,2010
Lincoln,62.67830877066956,2010
Perry,59.456337799711335,2010
Putnam,67.27426074280136,2010
St. Louis,32.27661446127085,2010
Stoddard,74.97422086852929,2010
Worth,71.08822966232947,2010
Carbon,55.49291821415366,2010
Flathead,46.592804444780604,2010
Lake,50.500145690124775,2010
Lincoln,43.719242493316266,2010
Pondera,70.25865614966541,2010
Richland,70.74410413377603,2010
Deuel,76.55357539847091,2010
Hooker,70.51365667577032,2010
McPherson,70.97076797430499,2010
Coos,46.814872406817244,2010
Strafford,46.37165255742659,2010
Hunterdon,52.4401427217696,2010
Mercer,46.087105288736076,2010
Morris,42.44812812382282,2010
Passaic,36.28159827228943,2010
Salem,69.9343866515481,2010
Warren,51.511189498141796,2010
De Baca,52.33719692637561,2010
Luna,55.40876279762801,2010
Mora,53.36626120818007,2010
San Juan,51.8631017582184,2010
Delaware,46.87669923717987,2010
Jefferson,58.976972084402476,2010
Livingston,61.72397285365013,2010
Madison,59.22462944902875,2010
Nassau,26.94691794596584,2010
Oneida,54.895067119610644,2010
Oswego,51.94050487228402,2010
Otsego,54.5181910427255,2010
Suffolk,29.511367666703126,2010
Ashe,47.83130520428272,2010
Bladen,66.38039543945962,2010
Burke,44.100046086437075,2010
Caldwell,43.12679141162247,2010
Columbus,68.02136416213592,2010
Hertford,62.40560602434967,2010
Hyde,73.4816847870474,2010
Lee,47.33418198735197,2010
Madison,44.51875226567268,2010
Mitchell,42.32908668977893,2010
Pasquotank,72.47931750382067,2010
Robeson,73.66348301518153,2010
Sampson,67.77046945363088,2010
Wilkes,46.829020527816176,2010
Yancey,43.24302987331884,2010
Ramsey,69.40924283441936,2010
Rolette,70.19150439335458,2010
Sioux,69.61374852581945,2010
Traill,78.49173736854446,2010
Williams,73.02085335398979,2010
Fulton,73.32859662860584,2010
Hamilton,31.751326868690953,2010
Lucas,47.125762036102564,2010
Ottawa,67.25805532127573,2010
Blaine,69.87731673505498,2010
Jackson,68.77081584340314,2010
Le Flore,53.641128144522455,2010
McCurtain,53.24075673496937,2010
Pawnee,58.24240981340463,2010
Seminole,55.68332267171046,2010
Benton,54.93292068518785,2010
Clatsop,49.714860391157224,2010
Gilliam,68.73482434471588,2010
Josephine,45.863107161894376,2010
Klamath,49.016485328823364,2010
Lane,45.84540217643746,2010
Linn,52.72762379959158,2010
Malheur,57.704471614515796,2010
Marion,56.027390545911594,2010
Union,52.216939576594946,2010
Allegheny,32.30997395039606,2010
Bucks,44.83572501582382,2010
Cumberland,53.95336462690186,2010
Franklin,56.72567514404347,2010
Huntingdon,46.299815975111116,2010
Lancaster,57.70564980312742,2010
Northampton,48.73949807298179,2010
Perry,50.06977477319696,2010
Sullivan,45.34978242136679,2010
York,53.69722310623492,2010
Newport,44.420403887233725,2010
Allendale,66.0892706754253,2010
Bamberg,67.80478727984998,2010
Colleton,66.72724151263604,2010
Greenwood,47.269878197548934,2010
Jasper,66.58879670644586,2010
Pickens,43.9410478748892,2010
Union,48.8299697027448,2010
York,46.48119793851501,2010
Jones,72.3323488801069,2010
Mellette,70.67862941330057,2010
Pennington,60.464427477791276,2010
Sanborn,78.07626171024728,2010
Stanley,69.56521596719229,2010
Bedford,63.06595785793962,2010
Cheatham,48.225803823869825,2010
Coffee,58.50033385443946,2010
DeKalb,49.800422103163875,2010
Dyer,74.78701737735236,2010
Giles,57.607692430182816,2010
Hamilton,38.325825753342656,2010
Humphreys,47.08884408811881,2010
Jefferson,51.22429179073205,2010
Monroe,48.30720942379664,2010
Morgan,44.73205898198216,2010
Rhea,48.170676535630214,2010
Robertson,64.46481587757403,2010
Tipton,69.09619960428604,2010
Williamson,51.266942039545114,2010
Aransas,67.32116270191597,2010
Borden,54.76448675909413,2010
Burleson,68.59409204021607,2010
Childress,58.12189353838452,2010
Ector,49.00406704280935,2010
Ellis,66.63930271149496,2010
El Paso,47.352423322294264,2010
Freestone,69.27198810531287,2010
Galveston,53.96247954085279,2010
Lamar,53.84665000719585,2010
Lincoln,42.503896342435155,2010
Lowndes,60.49755173625201,2010
McDuffie,49.82840459719744,2010
McIntosh,64.99839020200974,2010
Madison,54.49636481555165,2010
Murray,48.273213170527804,2010
Newton,48.41755953677372,2010
Oglethorpe,51.43286415907531,2010
Putnam,46.810283448722494,2010
Richmond,46.781782184915876,2010
Sumter,63.83186490817903,2010
Taylor,55.89574856360498,2010
Telfair,63.8639892511067,2010
Twiggs,54.945000388090506,2010
Washington,56.662079248245696,2010
Wayne,65.00236374835963,2010
Wheeler,61.48787442872965,2010
Wilcox,65.9106154549994,2010
Hawaii,,2010
Honolulu,,2010
Kauai,,2010
Bear Lake,53.4592226409449,2010
Nez Perce,64.90758062264415,2010
Owyhee,57.30048018827747,2010
Shoshone,43.328630259346134,2010
Twin Falls,62.66590641394751,2010
Cook,28.673502701326527,2010
Bath,43.38937797680764,2010
Botetourt,46.771948249677614,2010
Buchanan,40.94260317118772,2010
Chesterfield,39.31923601528606,2010
Culpeper,58.418616542992346,2010
Floyd,52.43473535208255,2010
Gloucester,52.89655046914348,2010
Isle of Wight,63.88238993575233,2010
King and Queen,54.7265818524932,2010
Lancaster,51.910187511519396,2010
Loudoun,55.021969061566175,2010
Montgomery,47.67368315649061,2010
Prince William,44.161475027638055,2010
Roanoke,40.98327121099842,2010
Shenandoah,51.71827955090849,2010
Manassas Park,23.652328280759253,2010
Benton,62.30001926691748,2010
Clark,48.65666106393892,2010
Cowlitz,45.64980070661273,2010
Douglas,62.62568013593321,2010
Grant,63.3271465731611,2010
Grays Harbor,48.56714065815381,2010
King,39.269129170465874,2010
Kittitas,51.56894756344655,2010
Okanogan,52.717579418673466,2010
Snohomish,42.95951282152132,2010
Walla Walla,70.18837375605592,2010
Braxton,42.22406987576804,2010
Grant,46.613195020806934,2010
Harrison,45.72192681551383,2010
Nicholas,43.526782068362735,2010
Pendleton,46.015983166077675,2010
Pocahontas,43.70975915985429,2010
Raleigh,41.42480584968526,2010
Tyler,43.58272906701992,2010
Wyoming,40.92778315625896,2010
Bayfield,49.85354866440946,2010
Door,68.15612884517188,2010
Grant,64.91034864091152,2010
Juneau,65.99950239029604,2010
Crook,59.58892546214547,2010
Sublette,52.95959500862909,2010
Eastern,,2010
Swains Island,,2010
Western,,2010
Rota,,2010
Cabo Rojo,,2010
Carolina,,2010
Ciales,,2010
Hatillo,,2010
Mayag√ºez,,2010
Ponce,,2010
Toa Alta,,2010
Utuado,,2010
St. Croix,,2010
St. John,,2010
Howard,54.411991105678155,2010
Jackson,76.8827262690167,2010
Lawrence,69.75144168820104,2010
Little River,61.396030094543825,2010
Lonoke,73.33970003068862,2010
Monroe,80.60153058285522,2010
Pike,49.31096967665007,2010
Pulaski,48.95054832533827,2010
Sevier,57.23836923259024,2010
Union,55.897145678849775,2010
Woodruff,80.54195184696222,2010
Marin,48.305044193794664,2010
Mariposa,51.934792223160166,2010
Mono,48.05288051033089,2010
Napa,50.58802992079143,2010
Nevada,42.99151443505607,2010
Placer,44.45955837967081,2010
San Bernardino,48.86925247344521,2010
San Mateo,40.436607912271974,2010
Santa Clara,46.260000849856766,2010
Shasta,47.2840207398849,2010
Sierra,46.258437573243604,2010
Stanislaus,68.0129795873397,2010
Ventura,52.98032331343421,2010
Yuba,57.08052364027223,2010
Boulder,49.4191325622087,2010
Chaffee,48.243901403875896,2010
Denver,33.51988016513173,2010
Elmore,51.169908162752634,2010
Etowah,50.02022389794195,2010
Houston,65.40377714283666,2010
Jackson,51.39793294878526,2010
Madison,56.27489233292417,2010
Marshall,51.788755876411216,2010
Monroe,57.49247871198929,2010
Pike,57.76899271233739,2010
Russell,53.550545318676974,2010
Shelby,46.04651811697011,2010
Washington,61.52561479661044,2010
Anchorage,,2010
Hoonah-Angoon,,2010
Matanuska-Susitna,,2010
Northwest Arctic,,2010
Wrangell,,2010
Yukon-Koyukuk,,2010
Graham,51.11411398030626,2010
Pinal,54.38277706665722,2010
Yavapai,50.11766213695995,2010
Arkansas,78.32098027555796,2010
Bradley,61.36224967998957,2010
Calhoun,57.87832935702488,2010
Desha,77.25910335987676,2010
Faulkner,57.73459971854617,2010
Sabine,47.04470400012095,2010
St. Martin,78.81347910414537,2010
St. Mary,74.6864345588728,2010
Tangipahoa,62.01600459156218,2010
Terrebonne,68.22254671353129,2010
Vernon,52.794744796664894,2010
West Feliciana,58.497993107576285,2010
Aroostook,52.52822645064388,2010
Franklin,46.22641179103867,2010
Lincoln,47.66997396520438,2010
York,49.92908571112582,2010
Baltimore,42.93340321774065,2010
Cecil,53.43454195744524,2010
Frederick,57.3345118407724,2010
Montgomery,43.03976019401637,2010
Somerset,73.10338797443949,2010
Talbot,62.323571266291935,2010
Bristol,46.553211035106564,2010
Hampshire,47.18293814636684,2010
Suffolk,24.832412426475983,2010
Clare,58.80817140581942,2010
Gogebic,54.62797320899716,2010
Huron,76.08076031464569,2010
Gunnison,47.256143546273925,2010
Huerfano,56.39019725962623,2010
Lake,49.798495128740434,2010
Larimer,51.377744645422965,2010
Montezuma,49.97936137031864,2010
Park,55.82891191555132,2010
Saguache,52.0520523848405,2010
San Miguel,47.05223511964948,2010
Summit,46.43115539878547,2010
Fairfield,34.196764326339434,2010
New London,45.63613882459427,2010
Kent,71.81075937303143,2010
Sussex,65.43003427029139,2010
Alachua,57.49998995775082,2010
Bradford,59.6895953576744,2010
Calhoun,62.73633993648873,2010
Citrus,54.41311386897498,2010
Dixie,67.23368579127387,2010
Escambia,49.82872234196942,2010
Franklin,76.76979571582169,2010
Hamilton,60.879746831204955,2010
Hernando,53.303171019531604,2010
Leon,53.40552636217964,2010
Liberty,68.7737571072938,2010
Madison,65.00887361445326,2010
Marion,53.38432364016815,2010
Nassau,57.43082587020299,2010
Barrow,50.04387566605944,2010
Brooks,67.88235532345583,2010
Burke,68.53192018164454,2010
Charlton,68.79190191380137,2010
Columbia,42.350362035987814,2010
Coweta,47.620848740124586,2010
Crawford,53.44915628542085,2010
Effingham,65.1801562334769,2010
Emanuel,62.62878622332814,2010
Fayette,44.86127273456421,2010
Glynn,60.039161953163315,2010
Greene,46.90878072063256,2010
Habersham,45.52224416901633,2010
Hancock,47.665598893491264,2010
Henry,43.63950240664536,2010
Jackson,52.64846001217446,2010
Teton,67.84813410854078,2010
Garden,71.9264164587823,2010
Keya Paha,70.04261119951164,2010
Loup,70.19868803777672,2010
Pierce,76.39314832396998,2010
Thomas,70.01592152247794,2010
Eureka,53.83221187199065,2010
Lander,53.093424840610055,2010
Washoe,49.77399773073214,2010
White Pine,49.38107436300722,2010
Grafton,44.11031611540822,2010
Atlantic,55.98849568310406,2010
Burlington,57.87534492343886,2010
Cumberland,61.91086655036979,2010
Gloucester,52.476455637159546,2010
Monmouth,43.73180268955977,2010
Ocean,43.731452733779,2010
Somerset,44.48615027273204,2010
De Witt,73.64758210778636,2010
Lake,39.07824339716377,2010
Piatt,76.87774988237805,2010
Stark,76.98591464443213,2010
Wabash,72.58216921908175,2010
Washington,73.29765606609061,2010
Blackford,72.1464880472737,2010
Grant,69.96113867273209,2010
Huntington,69.23333019666886,2010
Knox,71.90773597026295,2010
Union,67.68348393310384,2010
Washington,59.89312620204517,2010
Boone,73.67097888247814,2010
Dickinson,73.10391009905217,2010
Jones,72.98795394772897,2010
Osceola,78.12115201247225,2010
Scott,67.42914982461505,2010
Worth,77.54101890865314,2010
Cheyenne,75.0772591485675,2010
Edwards,76.2317254299792,2010
Morton,72.78602700152919,2010
Pottawatomie,66.63890308919909,2010
Stafford,75.64180877152337,2010
Wichita,77.37029834931722,2010
Allen,58.782382222906605,2010
Ballard,69.67711339525242,2010
Bourbon,74.54965869331019,2010
Breckinridge,56.17172204498628,2010
Butler,54.722535156834994,2010
Caldwell,60.57918144935409,2010
Carter,44.60437031953229,2010
Clay,41.972414861366204,2010
Crittenden,58.18076495957782,2010
Estill,45.94309502193567,2010
Floyd,40.45873568799904,2010
Grayson,56.14786275801538,2010
Greenup,43.51525007255869,2010
Harlan,40.73992475527652,2010
Hart,56.93529316852221,2010
Jackson,45.97099918977025,2010
Johnson,41.31881591304279,2010
Knott,40.654046494679356,2010
Larue,62.680405794580004,2010
Laurel,48.78265122708636,2010
Letcher,40.834200327390626,2010
Lewis,45.56313277768233,2010
Magoffin,42.49900121966984,2010
Martin,41.736528929601725,2010
Mercer,65.79484882326632,2010
Nelson,59.09888633139978,2010
Ohio,55.7126589847356,2010
Perry,40.18500928170743,2010
Powell,44.5148442263021,2010
Rockcastle,48.27016804475956,2010
Wayne,47.21959267641584,2010
East Carroll,77.0914485179499,2010
East Feliciana,63.5250673751701,2010
Franklin,78.5278214805421,2010
Iberia,75.76298942079215,2010
Lafourche,70.52299531899197,2010
Madison,79.34697023414157,2010
Orleans,32.89873661539874,2010
Pointe Coupee,76.86822754200075,2010
Red River,63.34817884055267,2010
Pembina,78.31175116435614,2010
Richland,76.96098928976848,2010
Cuyahoga,26.70144015170475,2010
Erie,60.747916962423425,2010
Fentress,47.24258126344176,2010
Harrison,51.151335120770455,2010
Noble,48.680446620286865,2010
Van Wert,74.86011018891948,2010
Bryan,62.559206144486446,2010
Choctaw,63.13525405329768,2010
Keweenaw,51.942937725257515,2010
Mackinac,65.82669747296518,2010
Macomb,45.45727658249954,2010
Marquette,57.53411517068456,2010
Blue Earth,74.67802944173265,2010
Clay,76.47848315608104,2010
Dodge,76.13262316826581,2010
Hennepin,39.97289489633302,2010
Lac qui Parle,78.2448975216438,2010
Mahnomen,68.32717561831072,2010
Morrison,69.7015850522607,2010
Polk,77.0803200165317,2010
Stearns,71.22593593681921,2010
Washington,52.25810410616808,2010
Watonwan,77.4294084973543,2010
Yellow Medicine,77.72093702899663,2010
DeSoto,58.90488353864087,2010
Forrest,54.606065846997566,2010
Humphreys,76.90501281399115,2010
Leflore,76.9765445666985,2010
Madison,60.93468489679604,2010
Noxubee,68.85695008355059,2010
Pearl River,64.3215701478771,2010
Rankin,56.164716259010916,2010
Stone,60.400915741684855,2010
Tate,65.13752109608315,2010
Tunica,76.30132169098381,2010
Wilkinson,53.1809082934303,2010
Cass,68.47151266422541,2010
Holt,74.30723474984764,2010
Jackson,48.206494923937996,2010
Jefferson,44.10820582179865,2010
New Madrid,76.94567861592854,2010
Ozark,53.633592991529284,2010
St. Charles,53.86649656323432,2010
Saline,72.5529963042379,2010
Shelby,71.98195200575543,2010
Big Horn,60.70273476160889,2010
Broadwater,58.65293121816669,2010
Chouteau,71.62249812792624,2010
Gallatin,54.030779355366775,2010
Glacier,63.223075802248154,2010
Judith Basin,61.73419895518276,2010
Lewis and Clark,53.70181566028983,2010
Liberty,74.45291360788684,2010
Petroleum,62.48796373013119,2010
Phillips,66.30874656773759,2010
Ravalli,51.252802156458515,2010
Roosevelt,74.43284887383221,2010
Sterling,51.819208214510056,2010
Titus,68.92809541342525,2010
Upshur,61.21281677067618,2010
Val Verde,50.973284297963964,2010
Victoria,71.88375111569138,2010
Waller,70.95637142303043,2010
Ward,50.6304538564519,2010
Webb,52.35364146559178,2010
Morgan,47.78596417974296,2010
Salt Lake,40.52004319630209,2010
Summit,47.205331373784546,2010
Uintah,50.99185335954602,2010
Weber,45.84573096329345,2010
Essex,45.88576517959796,2010
Accomack,63.44664415263551,2010
Alleghany,42.457357572154464,2010
Amelia,53.88098223352221,2010
Augusta,53.71623321396918,2010
Bland,47.9272341822598,2010
Buckingham,49.918380018168335,2010
Campbell,51.38919079189738,2010
Carroll,51.54993332911412,2010
Charlotte,53.75246209075223,2010
Dinwiddie,52.11864769107544,2010
Fauquier,58.44197357794485,2010
Franklin,48.780180492545405,2010
Greensville,60.13105492830272,2010
Hanover,53.578187779171344,2010
Highland,47.48789158855709,2010
King George,52.3757139471833,2010
King William,57.43000060823551,2010
Louisa,49.66649957046982,2010
Middlesex,52.71894149447202,2010
New Kent,51.208049787885194,2010
Roosevelt,57.05060624401169,2010
Sierra,50.49853138269968,2010
Cattaraugus,49.43990921840918,2010
Chautauqua,53.424813517151875,2010
Chenango,53.00260852080707,2010
Clinton,50.70105916534437,2010
Essex,44.00815821903848,2010
Saratoga,49.641360029781076,2010
Sullivan,44.37685972138259,2010
Ulster,45.161216564287315,2010
Westchester,31.6316530761909,2010
Anson,51.88283182679696,2010
Brunswick,60.553413260608465,2010
Buncombe,41.875281082305115,2010
Camden,80.28393871043012,2010
Carteret,65.66212805991626,2010
Cherokee,42.46619046980885,2010
Craven,65.22719455857651,2010
Currituck,69.73438118009257,2010
Dare,74.98010838990173,2010
Davie,54.07014529631532,2010
Graham,40.701432928305174,2010
Greene,71.70194083345038,2010
Henderson,43.55507209053281,2010
Jackson,41.21978279042648,2010
Jones,68.63092142183815,2010
Macon,42.361000748334305,2010
Mecklenburg,31.308825768652717,2010
Nash,61.823623526338636,2010
Northampton,63.6574859594876,2010
Pamlico,69.0992913745011,2010
Pender,68.21782187964521,2010
Richmond,51.10769156146429,2010
Scotland,62.448205392986885,2010
Stanly,54.96939426105925,2010
Transylvania,41.935734122110006,2010
Cavalier,77.92261316895633,2010
Grand Forks,77.4773190687637,2010
Morton,72.31795453043303,2010
Wetzel,41.29122334287297,2010
Wood,43.27353455071849,2010
Ashland,58.66635261732276,2010
Buffalo,60.281153568557095,2010
Iron,61.37175851400159,2010
Lincoln,60.70582175756045,2010
Marinette,65.13309960111364,2010
Rusk,60.88617239302584,2010
Sauk,61.31854214988043,2010
Trempealeau,63.20410213513731,2010
Big Horn,51.76332301056873,2010
Park,50.64741573486483,2010
Sheridan,55.26219946276637,2010
Barbour,54.472918671684255,2010
Greene,65.63791390440808,2010
Marengo,62.11448468734948,2010
Talladega,49.72195522818507,2010
Lake and Peninsula,,2010
Latimer,51.234453690190094,2010
McClain,64.17656478309819,2010
Pottawatomie,57.48428860748849,2010
Sequoyah,54.206024228297814,2010
Tillman,72.93355793587524,2010
Wagoner,61.02323047699277,2010
Clackamas,46.61639406716779,2010
Douglas,46.83889590078773,2010
Armstrong,49.307379996921995,2010
Bradford,53.57900547757105,2010
Clearfield,44.08050915719922,2010
Clinton,43.614698546816435,2010
Dauphin,46.02795325292325,2010
Delaware,29.806882400920518,2010
Erie,53.50864220313415,2010
Indiana,49.24499296578849,2010
Juniata,50.53514315915335,2010
Northumberland,52.09137566091351,2010
Philadelphia,24.85156194840007,2010
Somerset,49.15822744119812,2010
Washington,49.283252629403464,2010
Wayne,48.14741700013518,2010
Providence,39.55324453554656,2010
Aiken,55.57339460310202,2010
Calhoun,64.47786877988312,2010
Cherokee,50.29204932698154,2010
Chesterfield,57.154826210374125,2010
Clarendon,64.20736022187266,2010
Darlington,70.14817735270836,2010
Florence,69.54878394099177,2010
Hampton,67.1008212710182,2010
Kershaw,52.977841789967314,2010
Laurens,50.09048327258901,2010
Lee,70.80933200705508,2010
McCormick,42.9876589501285,2010
Marlboro,69.80764168750412,2010
Orangeburg,65.8840637437926,2010
Sumter,69.24587320644231,2010
Williamsburg,68.70301963831093,2010
Charles Mix,73.37034186211326,2010
Hamlin,72.73087825830915,2010
Ziebach,71.38804908963817,2010
Anderson,42.636639399689805,2010
Benton,46.972611794688014,2010
Campbell,42.084282881212516,2010
Carter,43.3854634757028,2010
Claiborne,49.13972574065447,2010
Cumberland,46.85379662663025,2010
Gibson,72.44698558341273,2010
Grainger,49.940375002297245,2010
Greene,58.163372931638506,2010
Hamblen,49.42709890162029,2010
Hickman,48.12831823767074,2010
Johnson,46.144083718677514,2010
Lauderdale,70.31248776387251,2010
McMinn,54.23179945248212,2010
Meigs,49.26637411758293,2010
Moore,54.50211459282104,2010
Perry,46.393101991813836,2010
Putnam,48.493990151184924,2010
Roane,43.07078204868779,2010
Sevier,45.15818764741508,2010
Smith,53.008008101032175,2010
Sumner,54.13271562874508,2010
Weakley,68.91632788029156,2010
White,54.64715843266188,2010
Andrews,52.26703215308302,2010
Angelina,53.683215707676965,2010
Baylor,61.78004259120807,2010
Bexar,43.45293676656911,2010
Brazoria,70.87642749179041,2010
Brewster,51.65240944384826,2010
Burnet,48.85107908210741,2010
Calhoun,57.142601424209325,2010
Camp,64.22817794799022,2010
Cass,56.54320428379296,2010
Coleman,54.987332288266096,2010
Comal,43.34719492650098,2010
Crockett,51.69250275767634,2010
Dickens,55.68349681646195,2010
Glasscock,58.83183236107249,2010
Guadalupe,61.23218025884618,2010
Hardin,60.89883526255959,2010
Henderson,64.06165544718134,2010
Hopkins,72.7145685038659,2010
Howard,59.43183707509988,2010
Jasper,57.31235503828853,2010
Jefferson,70.6617438472102,2010
Kimble,50.431197241258275,2010
Leon,65.00533592192802,2010
Loving,51.31836534096395,2010
Marion,54.936507818427984,2010
Mason,51.24077138006346,2010
Maverick,51.88166816988625,2010
Montgomery,46.225794439808695,2010
Nacogdoches,57.30373070529397,2010
Navarro,67.38281362241703,2010
Polk,51.83519608002776,2010
Reagan,54.28238234733628,2010
Red River,71.12001591882581,2010
Refugio,71.13136523824289,2010
Rusk,59.711838122163776,2010
Sabine,48.3414684387223,2010
Fayette,41.94495378975965,2010
Logan,41.35289214030051,2010
Boise,48.48496304715483,2010
Anderson,66.52486531736363,2010
Fort Bend,65.66818440344898,2010
Motley,54.65628114979181,2010
Blount,53.978653643509226,2010
Colbert,53.34436330112002,2010
Macon,58.28722996133622,2010
Dallas,54.40132881862385,2010
Ouachita,57.42178350555173,2010
Amador,50.08377181916187,2010
Inyo,49.068797231887984,2010
Clear Creek,47.54085655324713,2010
Highlands,70.33741364207066,2010
Seminole,50.33723846172424,2010
Cook,70.37492569157122,2010
White,44.8466669823409,2010
Elmore,58.984838477013916,2010
Power,61.33447762582117,2010
Edwards,72.85069715847659,2010
St. Clair,48.08746986222351,2010
Petersburg,,2010
Randolph,61.03949180553643,2010
Contra Costa,48.072953404143426,2010
Orange,35.30948628427193,2010
Tulare,57.55711644947684,2010
Custer,53.2759295783976,2010
Las Animas,60.59788862267726,2010
Santa Rosa,51.703945124676615,2010
Wakulla,64.84211782171506,2010
Bibb,45.59467491517244,2010
Northumberland,53.78993560423196,2010
Prince Edward,51.40338722396314,2010
Pulaski,50.22223921027353,2010
Richmond,57.68699474526253,2010
Southampton,64.73463458191746,2010
Stafford,44.274001944991646,2010
Tazewell,48.125112647243654,2010
Washington,52.61707467099165,2010
Wise,41.76599229022766,2010
Falls Church,22.29051416935347,2010
Williamsburg,33.208882587369715,2010
Pacific,51.38356093792157,2010
Pierce,41.9543287619608,2010
Whatcom,44.81591622942597,2010
Whitman,75.44347382699213,2010
Cabell,39.85024784575055,2010
Gilmer,42.446965555786015,2010
Greenbrier,46.796053662750026,2010
Hardy,46.10472885398806,2010
Lincoln,41.50056644790422,2010
Mingo,41.22635299793721,2010
Monroe,50.816661433082515,2010
Morgan,44.22458783412566,2010
Randolph,43.03834414199064,2010
Roane,43.82189824439907,2010
Tucker,45.094086201191125,2010
Gadsden,57.11868547094623,2010
Clinton,74.61825640674384,2010
Owen,53.97732773107595,2010
Union,71.0363082875486,2010
Renville,77.57597839387526,2010
Cape May,59.58887228867037,2010
Washington,54.6875968495449,2010
Haywood,43.69427793427818,2010
McLean,69.2627449394018,2010
Montgomery,36.74585506899065,2010
Dorchester,63.11556328061583,2010
Codington,70.58355399238236,2010
Marshall,58.397949814140134,2010
Lunenburg,51.02560865050457,2010
York,39.27612577185027,2010
Choctaw,54.57890680146941,2010
Cullman,55.28438196676713,2010
Yakutat,,2010
Benton,51.87007565916311,2010
Cleveland,60.42162252506922,2010
Alpine,46.85887037937743,2010
Del Norte,43.90503346136428,2010
Imperial,47.45393621421311,2010
Madera,58.81224390443113,2010
San Benito,60.66724846244743,2010
Santa Cruz,44.470841343312365,2010
Arapahoe,64.874965592283,2010
Douglas,53.56228487325843,2010
New Castle,51.26922105693838,2010
Levy,63.90351534518981,2010
Walton,55.09169482357777,2010
Berrien,67.43832659143165,2010
Camden,62.40401434759631,2010
Elbert,48.91029290614873,2010
Gwinnett,30.840848572121867,2010
Jefferson,63.53775365893336,2010
Screven,69.27669124481596,2010
Treutlen,60.284346254392034,2010
Wilkes,51.66551884379201,2010
Canyon,67.20550389743312,2010
Custer,49.891450404451675,2010
Cass,70.55255118959494,2010
Tipton,76.31265158313123,2010
Gray,77.27642273497713,2010
Lane,75.76845342600105,2010
Breathitt,41.092913452126595,2010
Garrard,63.73459262989188,2010
Washington,62.44169870182612,2010
Woodford,68.2657443127945,2010
Avoyelles,79.3946744996857,2010
Caldwell,64.12245009465222,2010
De Soto,57.15050573136311,2010
Jefferson Davis,75.35128527949209,2010
Plaquemines,51.62768077649716,2010
St. Tammany,49.49278361732802,2010
Allegany,42.48213871407149,2010
Prince George's,39.0523124830195,2010
Oscoda,49.53268040622792,2010
Union,59.030965491831836,2010
Bates,73.74796242645411,2010
Blaine,68.07957975267068,2010
Missoula,47.12889710872424,2010
Powder River,62.54319381974437,2010
York,77.0679213128525,2010
Rockingham,46.65091494394901,2010
Camden,40.482484076433124,2010
Harding,56.75475414317355,2010
Kings,23.394320027604547,2010
Orange,47.71329412471489,2010
Beaufort,64.58416679513992,2010
Bertie,67.30500480468302,2010
Clay,43.40617928071648,2010
New Hanover,44.60922715558641,2010
Rowan,51.09558241189698,2010
McKenzie,64.13007846736276,2010
Washington,47.55396327275117,2010
Dewey,68.7009966090338,2010
Greer,61.7224170314954,2010
Osage,61.14324130731754,2010
Deschutes,47.07435943479233,2010
Multnomah,39.156242907992024,2010
Fayette,46.69183508586811,2010
Westmoreland,45.775830427232094,2010
Beaufort,56.34354416483702,2010
Georgetown,62.17372178332046,2010
Dewey,68.18332006768253,2010
Union,76.35788837822436,2010
Henry,57.95052853478688,2010
Loudon,52.121037208936436,2010
Sullivan,45.25395034499046,2010
Archer,68.80117118906439,2010
Bosque,62.473138462615694,2010
Colorado,68.53924879958055,2010
Harris,38.85224076699671,2010
Hudspeth,53.46835653177071,2010
Lee,70.35264503641939,2010
San Augustine,51.193348513107665,2010
Tyler,55.47516672249459,2010
Cache,53.643726953777495,2010
Garfield,48.669999912639256,2010
Rich,52.23684023673181,2010
Albemarle,48.98699715796118,2010
Caroline,52.93672843201529,2010
Fairfax,30.95668762598725,2010
Henrico,41.57656328259904,2010
Madison,53.63623232526054,2010
Patrick,46.762946167453926,2010
Russell,51.83392882653582,2010
Chelan,47.44729899616306,2010
Ferry,45.91849065630378,2010
Jefferson,43.15182826082661,2010
Lincoln,69.00902891645129,2010
Doddridge,42.14652773486748,2010
McDowell,40.594655254151434,2010
Wayne,40.70752672265441,2010
Fajardo,,2010
Vieques,,2010
Conecuh,55.72538343098976,2010
Juneau,,2010
Independence,58.34448919961306,2010
Alameda,46.16127826176686,2010
San Luis Obispo,60.432699638137386,2010
Phillips,77.35102940292559,2010
Long,65.06223881136266,2010
Warren,50.96870048648262,2010
Allen,73.92360423406176,2010
Menifee,44.666550243981455,2010
Grant,56.40301908928549,2010
Carroll,58.388621671895045,2010
Cascade,62.24882490249436,2010
Davidson,47.098951781200626,2010
Morrow,66.10533251289016,2010
Monroe,43.49167228791924,2010
Oconee,43.32326541352995,2010
Brazos,65.29664196320519,2010
Juab,51.892611223204405,2010
Dickenson,41.99602325443362,2010
Mineral,45.4727345091916,2010
Miller,65.03421289098793,2010
Riverside,49.3390370121428,2010
Haines,,2010
Somerset,48.548059016189704,2010
Grayson,50.958864355967954,2010
Lee,49.28884090576878,2010
Page,49.10893183752007,2010
Martinsville,27.983312302839117,2010
Stevens,46.67522761207557,2010
Bullock,57.19244109263764,2010
Butler,52.61346203082824,2010
Daviess,69.73007055185693,2010
Madison,68.2692471194161,2010
Lee,64.31192690727774,2010
Bath,58.61173581206842,2010
Fleming,61.76195741726315,2010
Lawrence,41.77206897008164,2010
East Baton Rouge,54.80614401456639,2010
Heard,48.50960862878747,2010
Caribou,53.96576005274432,2010
Washington,61.84762731803589,2010
Menard,74.07779222881635,2010
Montgomery,72.11522433165227,2010
Pike,61.186410995412466,2010
Haskell,77.95224075183232,2010
Riley,65.28615507327814,2010
Knox,43.92322788252763,2010
Scott,61.07334148116949,2010
Acadia,75.91547601619936,2010
Caddo,55.226582884940036,2010
Evangeline,71.21235107634095,2010
St. Bernard,60.22135727060211,2010
Winn,54.54588395556487,2010
Charles,49.79424003535587,2010
Franklin,44.88211608699281,2010
Monroe,64.14914333166512,2010
Redwood,77.97682577432997,2010
Wilkin,79.04192533079711,2010
Winston,57.265532301273865,2010
Cape Girardeau,61.92177956468607,2010
Madison,55.79356460227508,2010
Greeley,73.16817835254456,2010
Essex,28.987016265249512,2010
Colfax,57.983492051371506,2010
Erie,50.57514739922692,2010
Herkimer,50.96864131179579,2010
New York,20.076284790767296,2010
Chatham,47.6029588913273,2010
Harnett,56.943075904188184,2010
Moore,49.29762886019256,2010
Towner,79.03274192520546,2010
Grant,50.904222456456864,2010
Centre,46.32735451210652,2010
Susquehanna,50.90630992630109,2010
Lancaster,47.67417869881304,2010
Haakon,72.45061805076925,2010
Lyman,70.89217716845556,2010
Tripp,73.30449020617704,2010
Maury,56.16420978601799,2010
Shelby,48.03636984157829,2010
Caldwell,64.83942385618508,2010
Crane,50.898098800509935,2010
Jackson,72.36991785677353,2010
Pecos,52.08146371456537,2010
Shelby,57.01231678952511,2010
Young,63.36492139912103,2010
Orange,48.44041848268397,2010
Charles City,56.03441455696203,2010
Halifax,52.812216159893595,2010
Surry,60.05571870890498,2010
Franklin,67.2547825050178,2010
Lewis,48.37485720952649,2010
Berkeley,50.13813476741849,2010
Lewis,43.96649629574798,2010
Crawford,55.12441473550162,2010
Manu'a,,2010
Saipan,,2010
Ceiba,,2010
Newton,44.7842612263781,2010
Merced,73.54821845531791,2010
San Joaquin,69.72847700185628,2010
Trinity,46.204828497425716,2010
Hale,62.6531728027925,2010
Sumter,63.24133409857803,2010
Dillingham,,2010
Mohave,51.12465842885313,2010
Chicot,74.99522479905934,2010
St. Helena,59.98024752542465,2010
Oxford,45.13786939881915,2010
Wicomico,66.08371508218296,2010
Plymouth,45.34528749068515,2010
Grand Traverse,52.737000233725944,2010
Routt,48.47641179586273,2010
Middlesex,42.31933516667688,2010
Lake,59.404136545726246,2010
Orange,51.27404561139381,2010
Bulloch,70.32973701819385,2010
Fulton,31.96391984528809,2010
Liberty,61.37078246357276,2010
Taliaferro,49.05673111808268,2010
Wilkinson,54.92188344606934,2010
Lemhi,50.05733493170899,2010
Valley,52.41027271470312,2010
Rock Island,60.6686185655315,2010
Jasper,73.007709808669,2010
Franklin,77.98761483952443,2010
Grant,76.4320016235894,2010
Bell,41.30890517860201,2010
Livingston,57.329114078385075,2010
Lafayette,60.0133997836621,2010
Wyandot,72.27607157442766,2010
Cleveland,51.34342620451919,2010
Lake of the Woods,67.78302322616553,2010
Norman,78.86016770125777,2010
Scott,63.801765962765735,2010
Adams,55.01895341726029,2010
Copiah,54.08665004520965,2010
Issaquena,78.6458756567839,2010
Lowndes,68.85924717108739,2010
Scott,71.97356448633512,2010
Beaverhead,54.171357499012146,2010
Fergus,61.938010221505905,2010
McCone,70.39280624828898,2010
Sanders,48.408498260251264,2010
Silver Bow,49.902278953591555,2010
Middlesex,41.21345822224899,2010
Valencia,52.1603153193326,2010
Hoke,59.45256549612902,2010
Martin,69.67590497479355,2010
Tyrrell,80.18268636050102,2010
Benson,71.45297579719868,2010
Jefferson,67.60105057455681,2010
Muskogee,62.92347326167473,2010
Baker,55.0914280763774,2010
Chester,50.61299556004553,2010
Pike,42.940742193725555,2010
Wyoming,48.65592601455932,2010
Berkeley,57.44009707447936,2010
Greenville,42.260143891810145,2010
Newberry,49.30815892764054,2010
Blount,48.604380583505446,2010
Knox,40.968380407853616,2010
Scott,42.85357208503183,2010
Crosby,67.62189257625863,2010
Harrison,56.7067933652483,2010
Kenedy,65.37548576558277,2010
Madison,74.3166040464873,2010
Morris,65.47500721830158,2010
Starr,58.63919464143257,2010
Trinity,53.03632817119588,2010
Utah,47.65163786271486,2010
Bedford,50.145186178263295,2010
Will,56.9703996795985,2010
Schoolcraft,71.02135347161295,2010
Torrance,57.24576653582627,2010
Island,44.54821107672852,2010
Chilton,52.7391543456754,2010
Clay,47.960899309009264,2010
Coffee,58.91268094578072,2010
Tensas,79.17813625180963,2010
Washington,48.67675638415229,2010
Norfolk,38.642405550752976,2010
Nicollet,74.44828232884684,2010
Camden,45.001496276962776,2010
Schuyler,70.08086498068737,2010
Granite,50.549694971975846,2010
Sweet Grass,60.18748097247799,2010
Clark,50.615776611364396,2010
Bergen,29.460221766771095,2010
Grant,49.74902488867667,2010
Warren,42.225103590889745,2010
Cumberland,56.46513926614481,2010
McDowell,42.790426234931275,2010
Swain,40.574521900577444,2010
Grant,73.1582860229676,2010
Walsh,78.00706753918645,2010
Kiowa,71.31657201879429,2010
Tulsa,45.81078066188134,2010
Jefferson,54.207507760995654,2010
Sherman,70.03879589852937,2010
Clarion,50.27528502507947,2010
Washington,45.97068714020615,2010
Lexington,46.26319523490247,2010
Meade,70.2883670412239,2010
Davidson,35.58283694516186,2010
Bee,63.094722541490896,2010
Eastland,56.672378502320896,2010
Reeves,51.92580810303647,2010
Carbon,48.06140264241133,2010
Amherst,45.99511826611727,2010
Frederick,51.02285274007842,2010
Clallam,44.337300528878835,2010
Kitsap,36.85295299059812,2010
Yakima,56.704520298170124,2010
Teton,47.42480124607645,2010
Guam,,2010
Yabucoa,,2010
Hempstead,58.6890087278902,2010
Nevada,56.176194590127494,2010
Sacramento,57.15035475814867,2010
Tuolumne,46.68945023763878,2010
Delta,50.326701669523736,2010
Dallas,64.23155597700402,2010
Lowndes,62.04102245339163,2010
Kusilvak,,2010
Coconino,49.422783322245515,2010
Clay,76.1245023538871,2010
Union,57.12075794200486,2010
Piscataquis,45.15360645695492,2010
Kent,68.03212667702107,2010
Charlevoix,54.10475221844148,2010
Jefferson,44.71936406284304,2010
Pitkin,45.43227134172471,2010
DeSoto,78.97217449460074,2010
Baldwin,48.13435493520991,2010
Gilmer,42.325012175730464,2010
Rabun,41.79419609634613,2010
Toombs,63.90388823115081,2010
Whitfield,46.79295247283121,2010
Henry,70.71449931970633,2010
Spencer,66.2206420210716,2010
Pocahontas,78.47238272915986,2010
Fayette,58.48626311773375,2010
Henderson,68.2490715628822,2010
Muhlenberg,56.96374037502609,2010
Taylor,56.67436757613927,2010
Jefferson,41.69581189701868,2010
Menominee,72.64797083732049,2010
Chippewa,77.50430520011422,2010
Itasca,60.25883638804694,2010
Hinds,57.064189582513286,2010
Hickory,55.53209984894387,2010
Meagher,53.324910376451555,2010
Valley,67.71902391415404,2010
Grant,71.81241275636208,2010
Churchill,48.72958909507093,2010
Halifax,62.81614613323689,2010
Montgomery,45.99656952412627,2010
Rutherford,47.63658599200667,2010
Kidder,68.28837790083224,2010
Florence,58.294650648538564,2010
Fremont,51.74809029456805,2010
Crenshaw,55.91670894513885,2010
Marshall,52.90485579474889,2010
Curry,45.973912694416015,2010
Greene,47.3163337408585,2010
Anderson,50.22946337837869,2010
Horry,67.58864955738902,2010
Spartanburg,47.92349626420011,2010
Cocke,47.15506782060382,2010
Hawkins,50.20512788416537,2010
Rutherford,52.46631898448293,2010
Wilson,54.858801673468705,2010
Bowie,62.65200986248022,2010
Mills,52.546472672866976,2010
Presidio,52.42772075780117,2010
San Saba,52.60043192456735,2010
Tom Green,56.30563766168167,2010
Essex,57.87223727808497,2010
James City,45.40797801743399,2010
Pittsylvania,52.75184919702367,2010
Mason,44.99176326520411,2010
Barbour,47.477412711234805,2010
Kanawha,39.63980586005415,2010
Morehouse,73.63306748862975,2010
Mineral,44.38010569615777,2010
Crockett,75.87839233964199,2010
Boone,41.59047712448996,2010
Dolores,47.719859495023215,2010
Sumter,70.68402951700536,2010
Logan,65.63584718186122,2010
Richland,78.96472018491218,2010
Marshall,79.65141334635659,2010
Garfield,63.746542268803736,2010
Johnston,63.36213959598589,2010
Wasco,59.433599032494975,2010
Marion,73.98553798336228,2010
Delta,72.11470209204916,2010
McMullen,53.53734762854527,2010
Thurston,47.7626579964388,2010
San Juan,,2010
Drew,63.57270100496766,2010
Fulton,55.42917462647268,2010
Calhoun,46.82706364538193,2010
Cherokee,51.08351121416775,2010
Grant,58.15189456415032,2010
Logan,53.9300546536339,2010
Coosa,45.63318921421711,2010
Covington,56.03532930742906,2010
Pickens,58.31654397762495,2010
Escambia,59.1268835025004,2010
Henry,59.41808361757946,2010
Lauderdale,56.72039575319399,2010
Randolph,48.48759206434776,2010
Tuscaloosa,50.05777142529504,2010
Aleutians East,,2010
Ketchikan Gateway,,2010
Sitka,,2010
Yuma,50.367470525595934,2010
Baxter,44.75209210224003,2010
Boone,56.594003423910344,2010
Gilpin,43.809401687660284,2010
Pueblo,65.80097978691569,2010
Rio Grande,55.9421969919142,2010
Washington,74.52468087590823,2010
Pasco,60.099857410454575,2010
Sarasota,56.09468025709575,2010
Washington,59.59026207593748,2010
Montgomery,45.24369554014702,2010
Scott,47.47420823794731,2010
Stone,47.366337581959996,2010
Yell,52.78010277751228,2010
Glenn,65.09936124148959,2010
Kern,60.84971333438835,2010
Lassen,50.9552325028465,2010
Modoc,52.255643752609195,2010
Plumas,46.28127515627306,2010
Siskiyou,48.54488530042638,2010
Tehama,56.533086156179465,2010
Adams,70.40558049922839,2010
Bent,70.01280614456861,2010
Broomfield,44.12526385497289,2010
Mesa,47.724303389827334,2010
Hartford,39.68443372030362,2010
Bay,55.34651194659669,2010
Flagler,60.570023523449834,2010
Jefferson,65.59625534260434,2010
Manatee,64.35317392037271,2010
Monroe,68.86505553035026,2010
Franklin,56.53239569587373,2010
Gordon,53.0454641177207,2010
Atkinson,65.58785802754674,2010
Bartow,47.7105378308779,2010
Butts,49.477189888952964,2010
Catoosa,48.11709353453438,2010
Cherokee,40.193018869735475,2010
Crisp,68.01503670186271,2010
Dawson,43.04353878414862,2010
Dodge,62.88739133527682,2010
Dougherty,58.65546050166728,2010
Worth,67.56457858611556,2010
Benewah,50.5396613309225,2010
Echols,64.3284074540314,2010
Floyd,48.50425235605322,2010
Oneida,59.6140935081727,2010
Boone,72.2119668459554,2010
Jasper,49.206845087359476,2010
Jones,47.40786180325102,2010
Lanier,66.46879851572345,2010
Lee,68.04360628154795,2010
Polk,49.82522052962734,2010
Randolph,59.45764161071985,2010
Schley,54.57191527211799,2010
Terrell,67.97543405432849,2010
Turner,69.22749738965524,2010
Walton,52.46459210518002,2010
Webster,60.415510511527415,2010
Madison,61.05021475018396,2010
Moultrie,73.263041146056,2010
Peoria,62.743929544746855,2010
Bonneville,54.72574024218112,2010
Boundary,46.14889174115337,2010
Clark,53.3868989363503,2010
Latah,57.409946136386736,2010
Minidoka,67.45953410570881,2010
Stephenson,74.35027259956158,2010
Vermilion,72.46498866809328,2010
Warren,74.97960293752512,2010
Woodford,70.96983905796526,2010
Calhoun,57.00570701848103,2010
Crawford,69.86949681487427,2010
DeKalb,74.78503473609872,2010
Fulton,64.98947463328746,2010
Greene,71.07149287126155,2010
Henderson,70.45045893089274,2010
Jefferson,64.83466955282934,2010
Jo Daviess,66.09491589041312,2010
Knox,69.94898549297433,2010
Lawrence,71.8304709275012,2010
Shelby,72.59347963332408,2010
Starke,68.71147800054533,2010
Sullivan,65.58673350770125,2010
Pike,67.73713606241327,2010
Richland,71.26812961613182,2010
Floyd,76.05779867697457,2010
Hancock,78.09803061997877,2010
Henry,70.354995809599,2010
Jackson,68.50187888179654,2010
Jefferson,71.04342714976322,2010
Benton,77.85013821070784,2010
Clinton,74.85799344736844,2010
DeKalb,70.39450702140562,2010
Dubois,60.80762148325348,2010
Fayette,65.74262193654276,2010
Howard,69.26049719739756,2010
Johnson,61.67295670156531,2010
Kosciusko,68.56292262622782,2010
LaGrange,74.7766485695881,2010
Lawrence,54.75765955680204,2010
Marion,30.18527025908451,2010
Marshall,70.48165356667089,2010
Monroe,44.91157671714518,2010
Morgan,56.91627906582044,2010
Newton,74.16414508664299,2010
Noble,70.54998655548091,2010
Orange,52.15658048203233,2010
Parke,61.17557533686967,2010
Rush,75.36026452766684,2010
Finney,75.53355178226589,2010
Franklin,70.70300250248683,2010
Gove,74.38786978238042,2010
Greenwood,68.43756506481232,2010
Hamilton,73.91085227312303,2010
Harper,74.19218045490294,2010
Vanderburgh,53.91670247204238,2010
Whitley,70.33928554901168,2010
Audubon,77.6388145591239,2010
Black Hawk,71.95735813149629,2010
Buchanan,76.39978005082838,2010
Clarke,70.35757148950897,2010
Clayton,66.49191521926936,2010
Decatur,69.30487107323874,2010
Emmet,77.0035713359666,2010
Vinton,46.09999414034706,2010
Wood,70.00773468658615,2010
Clark,72.1386356828159,2010
Davison,76.49184071679194,2010
Marion,66.44025556030665,2010
Mitchell,77.0191590850369,2010
Monroe,66.50722999240716,2010
O'Brien,77.63620605295563,2010
Page,75.57247958737356,2010
Pottawattamie,73.95993252633086,2010
Shelby,77.98655349312456,2010
Union,73.10217743139977,2010
Washington,74.02046592998815,2010
Woodbury,73.67003251693252,2010
Butler,68.84317095392409,2010
Cherokee,71.74217390614038,2010
Clark,72.28608985655531,2010
Cloud,73.12647637723825,2010
Douglas,63.776203712990345,2010
Gaines,66.15846052449008,2010
Grayson,60.285107887341844,2010
Hall,58.7873678537629,2010
Hartley,64.24252824368303,2010
Zavala,55.350149481121484,2010
Daggett,47.38641499933927,2010
Iron,49.354343435959755,2010
Tuscarawas,52.167328332280384,2010
Lincoln,76.04681284181834,2010
McCook,77.45320657327339,2010
Marshall,70.34411637063377,2010
Edmunds,74.98196090649215,2010
Faulk,77.74942368792057,2010
Hand,76.96233634845544,2010
Hockley,72.10981042586967,2010
Wasatch,45.2153103054183,2010
Wayne,49.76988976535037,2010
Bennington,45.032877573455515,2010
Millard,51.601585654146504,2010
Clarke,60.92788587213091,2010
Adair,54.31433510724776,2010
Beaver,70.07958424923025,2010
Comanche,63.553993512698206,2010
Hughes,69.89919573162479,2010
Lake,75.59636888889426,2010
Franklin,53.01133197839194,2010
Rutland,47.95258168080041,2010
Greene,49.30298082568096,2010
Oneida,61.35344634737203,2010
Ozaukee,63.78636293082421,2010
Craig,72.47975836321143,2010
Delaware,54.08995225090053,2010
Perkins,77.37097716607182,2010
Platte,75.72451259788399,2010
Red Willow,74.73532617164626,2010
Saline,74.76296431635953,2010
Goodhue,68.65113588800527,2010
Kanabec,65.45052163380134,2010
Lyon,76.6844728494194,2010
Polk,46.50894657698719,2010
St. Lawrence,54.7429724887752,2010
Oliver,72.6592182115725,2010
Jackson,71.23141552848985,2010
Jefferson,66.47113676925834,2010
Cleburne,48.03143427464334,2010
Cross,75.65783842224124,2010
Androscoggin,48.23248096627233,2010
Hardin,75.92202596655173,2010
Howard,77.02877875233365,2010
Warren,54.34964608354067,2010
Wayne,66.55478020887553,2010
Martin,76.21044526443156,2010
Rice,70.42986614264963,2010
Schenectady,46.27679156593922,2010
Claiborne,51.66018319692583,2010
Mason,58.64942930621366,2010
Muskegon,51.43328868275976,2010
Ontonagon,48.41770068477709,2010
Ida,78.06138365305829,2010
Jasper,75.42484062029014,2010
Johnson,69.63811943354605,2010
Sherburne,65.26280597180529,2010
Candler,68.91871905702934,2010
Jackson,51.42401561621206,2010
St. James,77.74116173701104,2010
Washington,63.88889522887167,2010
Bollinger,55.97649289841858,2010
Nodaway,74.45849430514993,2010
Platte,63.5192051751797,2010
Iberville,81.33610712679527,2010
Marion,71.52632180844203,2010
Medina,56.0964622379949,2010
Box Butte,74.97500431226958,2010
Buffalo,73.76235006180998,2010
Seward,74.76623874999095,2010
Buchanan,65.97193678340054,2010
Cedar,59.941565636995676,2010
Hettinger,76.5549475711823,2010
McIntosh,70.1312078359488,2010
Dawson,74.16957714447769,2010
Douglas,47.09761971505331,2010
Lorain,56.773206617012626,2010
Monroe,46.14216482731013,2010
Morgan,48.568903731792794,2010
Queen Anne's,68.31274827155498,2010
Thayer,75.22479147985857,2010
Valley,72.62571747230464,2010
Wayne,77.32439228177873,2010
Adair,55.65606967350238,2010
Seneca,58.93467649715453,2010
Wayne,63.72907079540567,2010
Johnson,49.976322731495664,2010
Kingman,72.60923054471745,2010
Labette,72.88563913830362,2010
Lincoln,72.88047560083218,2010
Essex,43.59438987032353,2010
Barry,63.09604835839554,2010
Benzie,49.99930627887589,2010
Crawford,50.374339530423256,2010
Hillsdale,71.39151131094256,2010
Linn,68.00041200167102,2010
Boone,45.46564216098885,2010
Meeker,73.52139199552451,2010
Olmsted,68.43401523629416,2010
Hancock,45.86878646730053,2010
Knox,46.33359654699937,2010
Penobscot,51.261907436026455,2010
St. Mary's,49.78769504441117,2010
Worcester,61.58102329950476,2010
Worcester,45.00192762388449,2010
Alpena,69.42503821899761,2010
Otsego,50.97533105778595,2010
Ottawa,58.23066673169545,2010
Roscommon,55.036121447517544,2010
St. Joseph,69.52500800448252,2010
Lucas,69.41842308446248,2010
Marshall,75.76021240839448,2010
Montgomery,76.08459645190585,2010
Muscatine,71.90219909108774,2010
Palo Alto,78.05761143869651,2010
Mercer,71.46416690889126,2010
Pipestone,77.69109884774221,2010
Ramsey,27.77954729794611,2010
Butler,75.29353879884775,2010
Clark,68.46746289610638,2010
Clinton,71.16019510690013,2010
Cooper,68.32164343584202,2010
Randolph,64.5370847906768,2010
St. Clair,60.10661608379043,2010
Vernon,72.36622407989815,2010
Dundy,73.81901027373361,2010
Perry,52.07447819595499,2010
Pike,49.735114146992295,2010
Putnam,74.9397398578433,2010
Paulding,74.23216349476448,2010
Jackson,76.68356331037506,2010
Cass,72.85040430108056,2010
Union,68.63321181673217,2010
Wells,76.93285226340019,2010
Allen,66.73548929136172,2010
Ashtabula,57.59828046046362,2010
Fillmore,77.52028239849459,2010
Frontier,73.49395474104308,2010
Gosper,74.02872593310276,2010
Harlan,72.71333739283284,2010
Kandiyohi,71.02923787605185,2010
Kit Carson,75.00552450926253,2010
Lincoln,72.69126774613072,2010
Montrose,48.73738884313799,2010
Prowers,73.45830843239469,2010
Knox,62.64293044350077,2010
Lawrence,42.838528984753026,2010
Cochise,51.322236503999704,2010
Ashley,63.91756696146534,2010
Alexander,50.75629744833404,2010
Caswell,50.777983441793616,2010
Bay,70.19696442964995,2010
Leavenworth,64.60572937556019,2010
Logan,75.16144965684839,2010
Lyon,69.19944063273091,2010
Teller,49.2097939400571,2010
Poweshiek,76.24986304391132,2010
Sac,77.59223823699432,2010
Tama,76.25125072184792,2010
Taylor,74.93723347426732,2010
Fulton,48.647408908783575,2010
Greene,45.54633865313298,2010
Branch,73.9575804065604,2010
Chippewa,65.34356994258559,2010
Gladwin,68.40263558477248,2010
Gratiot,75.7221021928694,2010
Dallas,58.9371374613895,2010
Sanilac,75.51866828850746,2010
Shiawassee,73.10796968505657,2010
Van Buren,66.55469732792078,2010
Van Buren,66.16205801811348,2010
Ross,57.58535566783413,2010
Shelby,70.65349064116027,2010
Webster,66.18832018416427,2010
Allen,62.27523980135604,2010
Howard,65.31865371845828,2010
Jasper,65.97186840572644,2010
Washington,45.47345246282843,2010
St. Louis,22.58639205126994,2010
Deer Lodge,50.88630196965265,2010
Jefferson,53.106293616963356,2010
Park,52.09546247917679,2010
Powell,52.95681435732254,2010
Rosebud,61.95213017518652,2010
Stark,51.724706797743565,2010
Koochiching,80.51647568391954,2010
Tallahatchie,72.24827117523839,2010
Tippah,54.97687252382381,2010
Webster,55.414343519089364,2010
Yalobusha,52.06473403706488,2010
Union,55.80114279503865,2010
Barnes,77.24812722494998,2010
Billings,62.45412474636933,2010
Hitchcock,74.31445032691056,2010
Knox,70.48594771490892,2010
Lincoln,72.06005680927363,2010
Lincoln,76.02234997215282,2010
McLeod,74.64401755058995,2010
Baker,60.959005024105316,2010
Hardee,78.80903134072182,2010
Hillsborough,54.77160852632449,2010
Miami-Dade,74.59022433614219,2010
Sargent,76.92424827526533,2010
Stark,73.27119504154903,2010
Steele,79.0534398270093,2010
Ward,74.62314342995079,2010
Duplin,67.9597938943554,2010
Kent,53.4335486473001,2010
Lake,49.74425477444872,2010
Neosho,73.21043026998936,2010
Norton,74.05813410600466,2010
Phillips,72.67591603126084,2010
Pratt,75.44740609335807,2010
Republic,74.38150252765855,2010
Okaloosa,49.469244379101774,2010
Bleckley,64.8975001466957,2010
Wayne,74.06356015421623,2010
Webster,74.4586465147079,2010
Anderson,73.39856432416988,2010
Monroe,51.82280966491789,2010
Putnam,39.37827183764687,2010
Lenawee,71.50020473048384,2010
Manistee,53.59788195266641,2010
Knox,72.671435809919,2010
Marion,66.8615283115883,2010
Anoka,55.94617575213739,2010
Beltrami,66.64405329827726,2010
Fillmore,70.26285896689758,2010
Barber,71.9572182305256,2010
Barton,74.51328964283675,2010
Chase,69.65326786288738,2010
Trumbull,53.59277979994466,2010
Calcasieu,65.36637714773468,2010
Cameron,69.45364939310512,2010
Miller,53.99128885862216,2010
Monroe,67.80651551404235,2010
Mountrail,70.33314362324435,2010
Toole,73.79688727173458,2010
Yellowstone,61.818107712043584,2010
Blaine,70.97959949279728,2010
Shawnee,62.74835305910478,2010
Sherman,77.12063634527199,2010
Sumner,75.50527002982328,2010
Trego,73.72535452775976,2010
Atchison,76.29088833606447,2010
Audrain,73.6227612727426,2010
Barry,58.24143884361129,2010
Jim Wells,65.78502069789948,2010
Jones,64.58528967964142,2010
La Salle,55.49642773604557,2010
Live Oak,57.60997970358604,2010
Lubbock,68.91391026115834,2010
Matagorda,64.37459518011124,2010
Miami,67.92766289842018,2010
Muskingum,51.948447990347134,2010
Portage,52.17295129208479,2010
Richland,59.452796365867336,2010
Ellis,67.93992081525195,2010
Garvin,63.6547729313753,2010
Miner,78.27691418668637,2010
Haywood,76.89040843629701,2010
McNairy,56.11176611340591,2010
Forsyth,39.60165449867392,2010
Hudson,24.53290621085626,2010
Perry,56.972950900719134,2010
Granville,50.132111944679345,2010
Guilford,42.6393969288454,2010
Moody,78.0430988067399,2010
Perkins,71.67923388779113,2010
Potter,73.50756493483892,2010
Bristol,29.551462421325436,2010
Pend Oreille,44.340361840838206,2010
Skagit,45.596911867293436,2010
Calhoun,42.01102541699565,2010
Hampshire,46.692396137614594,2010
Jefferson,59.61222364745126,2010
Marshall,44.78149591395934,2010
Ritchie,43.58536630204982,2010
Chaves,53.31123798123671,2010
Kenton,43.33602485391557,2010
Lincoln,62.41985765190736,2010
Orange,46.96456070930578,2010
Bronx,23.969132379313077,2010
Covington,32.63420777784604,2010
Emporia,41.945421741091565,2010
Galax,35.95804224883566,2010
Taylor,65.57090927827629,2010
Tinian,,2010
Bayam√≥n,,2010
Camuy,,2010
Cata√±o,,2010
Rowan,43.95081943333402,2010
Lafayette,52.272504680163266,2010
Lauderdale,52.86116560764923,2010
Marion,59.34092322738139,2010
Columbia,52.89867515924932,2010
Niagara,64.0921082027397,2010
Onondaga,52.65407401177097,2010
Spencer,58.12193680225273,2010
Todd,65.83902931136939,2010
Adjuntas,,2010
Johnston,60.25545378015987,2010
Tillamook,46.287357386908724,2010
Wheeler,54.662501262289744,2010
Carroll,53.76744232633448,2010
Coshocton,54.089529133098345,2010
Darke,73.33581341479305,2010
Trimble,51.05379606647151,2010
Monroe,66.58668701314193,2010
Quitman,79.54493261262,2010
Murray,61.41460547686991,2010
Oklahoma,44.45236416019442,2010
Todd,71.0521537581605,2010
Madison,59.82489303705105,2010
Overton,51.31784757835782,2010
Union,43.99373534027438,2010
Union,51.97241518843369,2010
Warren,45.83015456065276,2010
Chester,48.952700611886556,2010
Smith,57.37302153781727,2010
Person,50.0757057600751,2010
Divide,75.14124159517581,2010
Eddy,76.61331338777902,2010
Golden Valley,66.86975379415422,2010
Yankton,73.61687739745034,2010
Lynchburg,31.096268275799382,2010
Petersburg,35.14575305495165,2010
Radford,32.99738077420233,2010
Wirt,44.51170646286749,2010
Laramie,70.5019659277134,2010
Platte,67.16538503061378,2010
Uinta,53.958759769286495,2010
Coryell,60.11901476135001,2010
Culberson,51.919938720578855,2010
Dallas,35.48338255349777,2010
Cherry,71.49383866906693,2010
Clay,76.43270352227665,2010
Colfax,76.25596738856564,2010
Dakota,72.69729519629878,2010
Barceloneta,,2010
Barranquitas,,2010
Washakie,52.959753828742734,2010
Weston,63.14666254694441,2010
Rose Island,,2010
Northern Islands,,2010
Beaver,43.47385095942804,2010
McCulloch,53.72809986044187,2010
Montague,62.635168651161,2010
Moore,67.50941859390055,2010
Elko,55.612829713564985,2010
Humboldt,54.77349279491081,2010
Nye,49.49531765629495,2010
Pontotoc,58.64841165330665,2010
Pushmataha,49.61778235781073,2010
Blair,46.21096180142119,2010
Delaware,59.71568307148534,2010
Fairfield,62.39553667706715,2010
Holmes,60.76407927488446,2010
Boyd,41.16689696309106,2010
Carlisle,67.80880773174357,2010
Bledsoe,51.547117437539995,2010
Bradley,50.99666766248945,2010
Warren,59.98969602967236,2010
Brown,64.28479967049428,2010
Dillon,73.24260744990572,2010
Fairfield,45.50788234320856,2010
Rock,77.9953476251869,2010
Sibley,76.06464514277714,2010
Swift,78.31209821168683,2010
Waseca,76.5524946623216,2010
Roanoke,24.851737370295552,2010
Columbia,64.08041148773047,2010
Washburn,53.18590595363122,2010
Calumet,62.150609779576236,2010
Dunn,65.2591645010902,2010
Arecibo,,2010
DeWitt,66.7412077804935,2010
Donley,60.427353954296116,2010
Edwards,51.00938245074561,2010
Nueces,67.47919635138523,2010
Dawes,69.11240419378433,2010
Lincoln,52.20228509570084,2010
Rio Arriba,48.08794483255425,2010
Socorro,51.521206771603964,2010
Storey,51.773014526058354,2010
Waukesha,51.34474118942731,2010
Albany,55.6661549975211,2010
Goshen,70.84654038795982,2010
Arroyo,,2010
Columbia,52.08187254271112,2010
Elk,43.35022603687579,2010
Panola,60.860130637120335,2010
Runnels,60.398123386098234,2010
Schleicher,52.50152497853572,2010
Stonewall,54.39968901259612,2010
Merrimack,46.219088050543355,2010
Franklin,53.058412064846586,2010
Green,60.52239688165105,2010
Woods,71.41381360397472,2010
Crook,51.84701241487598,2010
Harney,54.60364049554417,2010
Wayne,49.09219465510025,2010
Bailey,67.61986685543722,2010
Bastrop,60.985586979625204,2010
Blanco,49.360183168663994,2010
Lake,36.932641389536116,2010
Licking,58.951236762335775,2010
Mahoning,49.22394282505621,2010
Henry,61.08744686108853,2010
Chickasaw,66.00654676665532,2010
Covington,59.66570689419807,2010
Jasper,56.60098474673362,2010
Clay,46.010911536699155,2010
Grundy,46.99480258283053,2010
Fond du Lac,71.79938728692976,2010
Iowa,64.99850230852626,2010
Monroe,60.057006093585976,2010
Saluda,52.8196451510219,2010
Bennett,72.71866079925617,2010
Campbell,71.12356239609889,2010
Jones,58.63690912224225,2010
Albany,46.84833405550868,2010
Garfield,66.75012100349652,2010
Klickitat,58.196148601129096,2010
Athens,45.75223811216538,2010
Auglaize,70.99092717619382,2010
Butler,52.222226659182994,2010
Fannin,66.60923250568698,2010
Fayette,69.24192972020086,2010
Fisher,61.00360437781803,2010
Floyd,71.81847168881842,2010
Arlington,22.88898099987966,2010
Mecklenburg,49.286230410654376,2010
Powhatan,49.816138086514684,2010
Rappahannock,51.67784880438544,2010
Spotsylvania,47.51295496736407,2010
Warren,47.103593853562636,2010
Aguada,,2010
Aguadilla,,2010
Aguas Buenas,,2010
Lycoming,46.265873983688735,2010
Snyder,53.66323681684224,2010
Tarrant,36.00949941747947,2010
Williamson,60.110590348616796,2010
Wise,60.92623821962712,2010
Zapata,51.96541462454347,2010
Polk,60.15352006221066,2010
Price,64.29138094988181,2010
Shawano,70.79498394484808,2010
Jackson,46.10867985448264,2010
Polk,59.11739468977607,2010
Briscoe,60.83811170270162,2010
Carson,68.20080905570674,2010
Castro,76.20779545529207,2010
Cochran,64.67955253608898,2010
Collin,54.061069914444325,2010
Jeff Davis,50.36296668816187,2010
Coffee,65.68655323620554,2010
Decatur,60.61335421998237,2010
Lajas,,2010
Lares,,2010
Fountain,70.31817780917592,2010
Putnam,62.14846971686595,2010
Lincoln,70.58607272451226,2010
Walker,49.41325610605382,2010
Ware,71.4420591481087,2010
Craig,45.369315118025646,2010
Fluvanna,48.475031396497016,2010
Lexington,24.3113780723557,2010
Treasure,59.32598732528694,2010
Gregg,51.41996877752284,2010
Hale,75.1906465166018,2010
Marion,47.30350121273269,2010
Genesee,53.14103098364611,2010
Coamo,,2010
Culebra,,2010
Hopewell,29.936587252973982,2010
Norton,34.58660998937301,2010
Poquoson,50.652329443829316,2010
Portsmouth,24.884275305934782,2010
Wahkiakum,49.762581238712045,2010
Brooke,43.2823768124639,2010
Clay,41.36175442887769,2010
Mineral,48.71419892104982,2010
Otero,70.22074832257906,2010
Lyon,77.77581679443477,2010
Crowley,69.38927615619103,2010
El Paso,61.275862575305815,2010
Dale,58.18100361301675,2010
Pettis,70.41242650945479,2010
Polk,64.15767436451507,2010
Pulaski,48.67819027276336,2010
Reynolds,43.57793010249286,2010
Navajo,51.002377005848366,2010
Crittenden,76.09557945824692,2010
Monona,74.33363110684253,2010
Scott,58.6947446800455,2010
Ben Hill,59.901327603197196,2010
Calhoun,72.15558999362963,2010
Kewaunee,75.92598530029738,2010
Portage,67.10301685273443,2010
Lincoln,51.17755597054353,2010
Niobrara,67.99754407707526,2010
Douglas,38.446018671819104,2010
Early,67.87453704918872,2010
Lamoille,46.97352305232606,2010
Vermillion,65.8163042388347,2010
Perry,49.99531061808719,2010
Jefferson,63.910676072713564,2010
Kootenai,44.506512770752806,2010
Lincoln,64.6826852030095,2010
Newport News,34.194372796094,2010
Salem,25.204138689096514,2010
Washington,46.086883416479424,2010
Windham,44.556536387260216,2010
Colonial Heights,33.4453579840896,2010
Pope,49.43636656446209,2010
Weld,71.06986447604217,2010
Gu√°nica,,2010
Guayama,,2010
Richmond,24.962968112202336,2010
Sangamon,70.58082295998526,2010
Fairfax,22.77965444678259,2010
Fredericksburg,29.85605108185006,2010
Hampton,31.919093698092464,2010
Macon,67.17407378741743,2010
Litchfield,45.23601006806356,2010
Sioux,77.06901116702079,2010
Lawrence,61.616768646571174,2010
Limestone,63.26613163515002,2010
St. Francois,49.71734068608715,2010
Scotland,71.68087569904311,2010
Stone,47.97899338870972,2010
Wayne,46.31864406627477,2010
Maries,57.61670823057114,2010
Montgomery,63.7016933875015,2010
Oregon,53.26118634929054,2010
Griggs,77.82381530571605,2010
Doniphan,71.19786853213739,2010
Warren,72.11172002947337,2010
Chattahoochee,46.89692395648328,2010
Chattooga,50.01011495832442,2010
Sweetwater,51.41235849004107,2010
Cleburne,46.190952639257326,2010
Hughes,56.82257043185926,2010
Kingfisher,73.0104253595798,2010
LaMoure,77.50831340005472,2010
McHenry,76.3743259319155,2010
Green Lake,71.92067017659318,2010
Allamakee,63.08751752001515,2010
Saline,46.24584848159041,2010
Payette,69.73899037753324,2010
Adams,67.98560567303717,2010
Bond,69.46574253039273,2010
Suffolk,65.3231274061658,2010
Adams,70.8291386300703,2010
San Juan,45.82364136942543,2010
Fulton,73.53663345019167,2010
Villalba,,2010
Yauco,,2010
Washington,53.521633180533236,2010
Collier,78.62871767750408,2010
Guayanilla,,2010
Gurabo,,2010
Mills,74.28419813087945,2010
Montgomery,68.18550258539538,2010
Wyandotte,40.62651082451509,2010
Arenac,71.07980419496768,2010
Berrien,61.27969032634967,2010
Holmes,64.68334711648038,2010
Wabaunsee,68.96279143536876,2010
Morgan,56.64940080040235,2010
Perry,59.312301347691815,2010
Webster,60.85265673912407,2010
Wright,59.549545122754544,2010
Carter,66.2295905839179,2010
Custer,66.53441523524062,2010
Fallon,66.50059477858284,2010
Thomas,62.31694105980101,2010
Towns,42.65837992269567,2010
Troup,45.44458252433236,2010
Boyle,63.04285809276833,2010
Cayey,,2010
Clarke,40.64175171166516,2010
Cobb,28.115490602311446,2010
Texas,71.33401396216202,2010
Fall River,68.40509358218657,2010
Grant,75.99862736010924,2010
Skamania,42.37402435171949,2010
Clark,53.04071131597892,2010
Dearborn,52.312352516634654,2010
Cidra,,2010
San Francisco,22.990516534185737,2010
Brown,62.90288251948695,2010
Carroll,69.69540045821131,2010
Champaign,74.29269476925904,2010
Spokane,58.28136638592881,2010
Hickman,73.9518637529485,2010
Taney,46.63914269683775,2010
Greene,70.10672490497775,2010
Izard,51.77817685442707,2010
Conejos,56.28793323458949,2010
Isabela,,2010
Juncos,,2010
Garfield,71.55739515221316,2010
Scotts Bluff,71.47602890917423,2010
Golden Valley,64.7393789943807,2010
Hill,74.09337249298792,2010
Prairie,69.2477441557227,2010
Cheboygan,55.86026418129504,2010
Dickinson,60.04798483206449,2010
Jackson,64.72814739503647,2010
Palm Beach,64.24925464796426,2010
Tallapoosa,44.96289106957114,2010
Bristol Bay,,2010
Christian,75.5395475178159,2010
Edgar,74.35582693964473,2010
Ford,77.43345104067728,2010
Dubuque,67.75907955922554,2010
Harrison,74.10601762782002,2010
Buena Vista,76.87776391772519,2010
Calhoun,78.1278369120552,2010
Carroll,77.21678715882477,2010
Cherokee,76.8812408643114,2010
Clay,77.29032058400539,2010
Dallas,72.17575954399759,2010
Henry,74.8732331060593,2010
Jackson,60.98534619358091,2010
Atoka,56.06175288527245,2010
Beckham,63.340323146065344,2010
Choctaw,53.63276358251896,2010
Red Lake,79.34986629308524,2010
Boone,72.1043235582939,2010
Clay,64.83444752039141,2010
Decatur,69.58279122576802,2010
Delaware,67.24479744100898,2010
Elkhart,64.27629793620957,2010
San Germ√°n,,2010
San Lorenzo,,2010
Pickens,43.815462329969186,2010
Perry,68.28415699877867,2010
Randolph,64.97250507032125,2010
Clarke,60.765247880791115,2010
Hardin,50.519799716449924,2010
Jasper,71.5101720642831,2010
Kendall,68.28619583079929,2010
Campbell,44.03902634321685,2010
Edmonson,51.692621979168315,2010
Berkshire,47.003588631825394,2010
Nantucket,41.16641305084433,2010
San Sebasti√°n,,2010
Santa Isabel,,2010
McLean,74.51083014831148,2010
Ellsworth,71.1938978907766,2010
Ford,75.68143364188991,2010
Graham,74.18351207890657,2010
Greeley,78.15870577742542,2010
Marion,72.27684288389922,2010
Benton,72.46836855136488,2010
Carlton,67.21399483790128,2010
Clearwater,65.52312563682126,2010
Cottonwood,77.49173874113794,2010
Pike,56.2790881847959,2010
Rockdale,40.25077401009567,2010
Allegan,63.962125642436305,2010
Antrim,50.6474966421194,2010
Meade,74.31946804869007,2010
Canadian,68.29854996943689,2010
Carter,59.860646001315374,2010
Amite,54.863471398970326,2010
Benton,54.76361323631194,2010
Calhoun,61.8187413238991,2010
Greene,58.984686022407374,2010
Hancock,69.48443734132584,2010
Meade,54.84983414998246,2010
Montgomery,64.00183790450933,2010
Pendleton,53.16257676273873,2010
Spalding,50.934906286297405,2010
Stewart,52.14838728537302,2010
Coal,59.50418717373105,2010
Murray,76.99905364025003,2010
Nobles,77.23634352441,2010
Otter Tail,65.01079613194835,2010
Hendricks,64.30437920893849,2010
Jay,73.08685912984295,2010
Fulton,71.8019496768125,2010
Fayette,74.83953281435203,2010
Franklin,39.036751991971386,2010
Gallia,48.9475160002301,2010
Tazewell,69.1950511214391,2010
Union,58.70861559404168,2010
Winnebago,61.54533353232459,2010
Macoupin,69.0088263095076,2010
Marshall,71.79202742740753,2010
Massac,67.23553977656101,2010
Miami,68.30810192982167,2010
Gallatin,48.19824832834215,2010
Dakota,59.31032632609395,2010
Archuleta,46.43366427289048,2010
Baca,71.38526011851273,2010
Garfield,47.226563100723425,2010
Geneva,66.67283510457594,2010
Lamar,55.966358167037235,2010
Maricao,,2010
Patillas,,2010
Nemaha,74.02493815220379,2010
Ness,74.39037649332226,2010
Pawnee,76.54081112528796,2010
Rawlins,75.51123688191466,2010
Cotton,70.99121700696504,2010
Freeborn,75.56278702029827,2010
Hubbard,53.08470847620137,2010
Corozal,,2010
Hormigueros,,2010
Davis,70.0406051295182,2010
Delaware,74.34373253803295,2010
Fayette,73.75063690256971,2010
Grundy,78.24593946635855,2010
Hamilton,76.982629276935,2010
St. John the Baptist,48.53464080984659,2010
West Baton Rouge,73.88485079945305,2010
Johnson,61.25927655296767,2010
Custer,70.76828004038578,2010
Isabella,69.82282356521891,2010
Jackson,66.87307169514075,2010
Stevens,76.8150629657192,2010
Morovis,,2010
Jennings,58.797862774902526,2010
Porter,62.361675820202244,2010
Ripley,60.206663920992845,2010
Russell,51.95622686828152,2010
Shelby,64.8407457235517,2010
Simpson,71.14306395975196,2010
Trigg,50.438984980273695,2010
Meriwether,51.78368687042321,2010
Kane,56.47687454018836,2010
Traverse,77.08815747409427,2010
Wadena,73.57392012393525,2010
Mercer,73.22007956258298,2010
Steuben,70.86970314099456,2010
Hancock,51.937326438344435,2010
Hancock,71.46692054379544,2010
Henry,74.00459024374493,2010
Hocking,45.11720616641445,2010
Jefferson,47.61655090517256,2010
Bracken,52.29489186100859,2010
Pe√±uelas,,2010
Morgan,72.25750464287644,2010
Pope,52.751276502795086,2010
Saline,66.72348319432689,2010
Reno,71.99251543382728,2010
Lee,42.93633719208419,2010
Lincoln,53.971885645547076,2010
Nelson,75.12170006003883,2010
Winston,47.27091431320003,2010
Aleutians West,,2010
Kenai Peninsula,,2010
Kodiak Island,,2010
North Slope,,2010
Skagway,,2010
Valdez-Cordova,,2010
R√≠o Grande,,2010
Kennebec,48.73649656579057,2010
Rice,74.95004418883426,2010
Rooks,73.21446597562974,2010
Saline,71.20507395299498,2010
Sedgwick,64.35320854961222,2010
Kalkaska,53.70338540858033,2010
Ransom,77.57292507340263,2010
Slope,69.57995330049985,2010
Naranjito,,2010
Quebradillas,,2010
Fannin,42.84819077883398,2010
Forsyth,37.95012614011256,2010
Baltimore,23.183105727935146,2010
Morgan,54.862136394571834,2010
Livingston,59.81474594479099,2010
Mecosta,60.87568022460875,2010
Missaukee,62.57602906771164,2010
Montmorency,55.100587967233885,2010
Vega Alta,,2010
Switzerland,52.896979072732364,2010
White,74.65259435782583,2010
Adair,76.67080813466372,2010
Gallatin,72.0905831286924,2010
Grundy,70.56265037284392,2010
Hamilton,70.55344479024502,2010
Las Piedras,,2010
Peach,59.27616612332201,2010
Lee,75.36122799699675,2010
Clay,70.44334364807925,2010
George,65.12609671730142,2010
Grenada,55.564005571586456,2010
Scott,71.3470138688439,2010
Appanoose,66.70264359289531,2010
Bremer,75.92998438086953,2010
McCracken,59.074565321971,2010
Luquillo,,2010
Manat√≠,,2010
McHenry,62.20764559380437,2010
Ogle,73.05483742847956,2010
Williamson,55.58022359607241,2010
Adams,73.16965021354372,2010
Bartholomew,62.19411925434637,2010
Seward,73.23047780123177,2010
Smith,73.97536481820792,2010
McLean,70.69059716148914,2010
Marshall,54.8957917960451,2010
Franklin,54.86034272000359,2010
St. Charles,61.64647196770949,2010
Grady,67.10076293685384,2010
Jenkins,69.87364287819743,2010
Coles,71.11938448834879,2010
Chautauqua,64.14443679216407,2010
Stevens,75.46951593671253,2010
Wallace,74.81535787537236,2010
Woodson,70.43233527415678,2010
Newaygo,57.091958147837374,2010
Oceana,60.67308464438541,2010
Clermont,50.41186533352391,2010
Columbiana,54.70179591215999,2010
Defiance,71.51862992871239,2010
Harris,46.31858648382671,2010
Irwin,70.98292788496528,2010
Coffey,69.88068521410018,2010
Comanche,72.16028769710759,2010
Crawford,72.13643988870821,2010
Ellis,72.72337335484865,2010
Alfalfa,72.73944716080463,2010
Becker,61.075869586755715,2010
Pine,66.20753609860131,2010
Pope,72.97304288130428,2010
Garland,40.83358612766847,2010
Polk,48.23461886132121,2010
St. Francis,75.86650704531577,2010
Solano,64.24227143033394,2010
Sutter,75.88686912293505,2010
Alamosa,59.60997295500784,2010
La Crosse,53.907659218042916,2010
Rock,69.81434926073838,2010
Carbon,51.7223919784187,2010
Ripley,51.823929409370095,2010
Sullivan,69.2641581989124,2010
Johnson,72.21803245727946,2010
Barton,73.79118621997354,2010
Do√±a Ana,51.482267981883815,2010
Richmond,31.759749749103523,2010
Franklin,53.791773990101724,2010
Laclede,57.14111397986083,2010
Clay,71.01351112334663,2010
Franklin,65.48138232970346,2010
Benton,76.23304711772467,2010
Chickasaw,76.90275857519427,2010
Iowa,75.54614477343735,2010
Mahaska,74.32605566669555,2010
Guernsey,50.53439676169816,2010
Richland,58.84511222593678,2010
Sawyer,54.3249118821429,2010
Walworth,66.76889408823499,2010
Brooks,65.36304230211546,2010
Chowan,69.13863259483972,2010
Franklin,53.504088363165245,2010
Clark,64.58519805642379,2010
Seneca,71.53374245084524,2010
Major,70.13378044334985,2010
Cheyenne,75.83837558044337,2010
Logan,68.00754775130758,2010
Morrow,67.06854903754812,2010
Kalawao,,2010
Cameron,66.76925245454088,2010
Cherokee,60.241351377435926,2010
Coke,51.83783849570529,2010
Collingsworth,60.039064415966614,2010
Concho,55.78385647243615,2010
Cottle,55.35264135028905,2010
Dallam,72.55164844143452,2010
Deaf Smith,72.68666166975186,2010
Haskell,59.200138404457846,2010
Kay,71.41686241400967,2010
Dixon,73.53240741407026,2010
Merrick,76.21884809283743,2010
Monroe,46.51811696628939,2010
Gasconade,53.7649993854742,2010
Livingston,72.44897370580857,2010
Aibonito,,2010
Lincoln,60.894607222354814,2010
Marion,44.637204040425964,2010
McKean,44.703997259949894,2010
Mifflin,49.50459235227975,2010
Montour,57.73259816286207,2010
Pulaski,69.61285864291554,2010
Jersey,64.00632114163872,2010
Logan,76.8614437809761,2010
Glades,72.86016112588153,2010
Clayton,31.37705651876739,2010
Rockland,30.941827854093788,2010
Steuben,54.17766708506401,2010
Waupaca,69.54185947337372,2010
McDonald,54.54165048637474,2010
Mississippi,76.44090932657598,2010
Pierce,73.25982095241397,2010
Charlotte,66.42001620266642,2010
Indian River,66.2235758631712,2010
Broward,71.18588530641601,2010
Upson,49.13436862182656,2010
Waushara,67.81807508538377,2010
Wood,69.12771670769328,2010
Campbell,55.82013139828363,2010
Denton,53.51390549710315,2010
Gates,67.83906496451847,2010
Iredell,50.693434376300026,2010
Sioux,69.6409751128883,2010
Lincoln,51.324122745181405,2010
Sandoval,49.681314140214724,2010
Jackson,50.182643383131996,2010
Minnehaha,72.5485523519397,2010
Polk,45.78490370416915,2010
Rinc√≥n,,2010
Garza,54.95497647787711,2010
Gray,68.38827911832574,2010
Hancock,64.5723790032492,2010
Lincoln,59.82015870233901,2010
Love,59.49585925245826,2010
Mayes,61.139054086277525,2010
Monroe,65.91589621104441,2010
Wayne,73.60341476539271,2010
Carroll,72.49016145939048,2010
Phelps,50.53592178768071,2010
Shannon,45.97030553478971,2010
Daniels,75.46847657019002,2010
Wheatland,67.86180983241643,2010
Jackson,64.95254055603218,2010
Tompkins,53.86822287453057,2010
Schuylkill,45.747684471098,2010
Venango,44.88054815072669,2010
Bristol,34.33046209722938,2010
Richland,50.245928285230974,2010
Crawford,71.28692134583258,2010
Carver,66.79455786711995,2010
Grant,74.26163080060208,2010
DeKalb,27.12504293088512,2010
Hart,52.977208277862566,2010
Alamance,49.569014460995966,2010
Converse,56.2825240413822,2010
Pemiscot,76.49936597684226,2010
Pike,65.34655907304791,2010
Clinch,66.18772364112198,2010
Evans,65.31739229897948,2010
Queens,24.003321401814702,2010
Lyon,52.31852264261075,2010
Hillsborough,44.128005308760585,2010
Menominee,61.03441903947708,2010
Johnson,54.51475632374925,2010
Garfield,72.77172030001151,2010
Lenoir,67.64920013610283,2010
Vance,47.5175009409108,2010
Yates,55.89115020267665,2010
Stokes,48.58111627708387,2010
Burke,75.06437107914347,2010
Floyd,47.81197664619357,2010
Oconto,67.92432780930201,2010
Outagamie,71.66908764304688,2010
Carbon,42.675053326707484,2010
Crawford,54.66540858554126,2010
Forest,43.22307174138145,2010
Nowata,68.51984273972766,2010
Okfuskee,58.330616968853235,2010
Okmulgee,60.320547729621225,2010
St. Joseph,60.368112670283,2010
Vigo,60.23944570917517,2010
Newton,62.28469372986743,2010
Unicoi,42.268270223720066,2010
Henderson,56.58783188940677,2010
Jefferson Davis,55.3417349696024,2010
Cole,57.025159998641456,2010
Kent,39.98391734229781,2010
Abbeville,49.82413649870595,2010
Ralls,65.88574674361774,2010
Banner,72.88654120749214,2010
Hall,74.08716082152317,2010
Houston,47.00605991387129,2010
Sullivan,45.265429644244904,2010
Bernalillo,45.65906455675892,2010
Avery,42.28439663956122,2010
Cabarrus,48.22802611752888,2010
Ste. Genevieve,52.27730307030326,2010
Warren,54.14236111937817,2010
Macon,64.32269485337537,2010
Quitman,50.55878402782133,2010
Tift,66.9553947553808,2010
Pepin,61.44096939381449,2010
Pierce,63.785942394448746,2010
Grady,66.6255208241602,2010
Harmon,60.83022422837844,2010
Warren,49.753723209622486,2010
Washington,71.10411309505608,2010
Mercer,67.95842146052011,2010
Ashland,63.366409094165384,2010
Champaign,71.53452956050494,2010
Van Buren,48.15924802741994,2010
Atascosa,61.63389684511348,2010
Bandera,46.92078576395364,2010
Lackawanna,43.458231329118654,2010
Luzerne,42.41216272434719,2010
Ottawa,65.3787657702553,2010
Payne,59.78915010339787,2010
Prince of Wales-Hyder,,2010
Dorchester,72.90702367661257,2010
Calhoun,68.18714268301885,2010
Grand,48.86479517106625,2010
Logan,73.25614966372822,2010
Lincoln,53.225205907353946,2010
Pontotoc,61.097298286957056,2010
Jackson,45.57056287412127,2010
Lewis,47.398769201999,2010
Bowman,71.44387184850112,2010
Dickey,76.43192841637763,2010
Addison,56.065658256555025,2010
Butte,70.18394905919443,2010
Clay,76.94319506816092,2010
Haskell,67.26893177610081,2010
Hemphill,67.25624195874119,2010
Hancock,40.64015021382962,2010
Jackson,45.25199737710715,2010
Dooly,70.63773817991567,2010
Laurens,61.376497766485784,2010
Richardson,74.64020361718765,2010
Dodge,73.98689159450934,2010
Cannon,54.97761773737099,2010
Chester,57.40729595947688,2010
Huron,69.28509038354984,2010
Lapeer,67.29113215965037,2010
Faribault,78.02597990121458,2010
Furnas,74.7622190306349,2010
Vilas,54.05715349882664,2010
Denali,,2010
Curry,65.14504286184685,2010
Eddy,52.001706986547305,2010
Guadalupe,52.357976141994165,2010
Douglas,59.35970348590419,2010
Eau Claire,62.741602739482516,2010
Sarpy,59.5120933327344,2010
Washington,73.63926457765162,2010
Hamilton,77.14703925355033,2010
Hayes,73.8498729718356,2010
Howard,73.1200899568328,2010
Jefferson,73.06286310872667,2010
Hidalgo,54.00531731079397,2010
Lea,53.58868478484336,2010
Medina,53.53789071857847,2010
Midland,51.537817619030925,2010
Nolan,54.801183255046844,2010
Ochiltree,73.66253744007884,2010
Obion,71.1083961718752,2010
Pickett,46.77267108686262,2010
Jefferson,71.26060421044096,2010
Kenosha,60.75811331785917,2010
Lafayette,73.59256266529584,2010
Hill,68.1803530660966,2010
Hunt,64.18454416467983,2010
Jim Hogg,63.22874812472211,2010
Oldham,56.08906391399442,2010
Palo Pinto,56.719673977671306,2010
Ada,60.896293277207405,2010
Cumberland,69.62891616213608,2010
Kemper,58.10601275643224,2010
Grand Isle,36.40044821428572,2010
Scott,47.55314899162592,2010
Stewart,44.587572992752136,2010
Trousdale,58.68610573343261,2010
Marion,43.31487797394918,2010
Mason,47.36070519401977,2010
Lamar,56.213082947878334,2010
Lawrence,58.18657808464097,2010
Leake,59.73194757125619,2010
Otero,49.82302757723602,2010
Quay,54.1745228548884,2010
Buena Vista,35.53588099512695,2010
Chesapeake,67.7427204801022,2010
Harrison,70.3799947855747,2010
Johnson,69.22747072589762,2010
Dickson,50.47891148381184,2010
Fayette,66.54544354100607,2010
Hardeman,59.320059662073845,2010
San Miguel,50.22620286012422,2010
Surry,50.589240280492724,2010
Taos,47.855916617312985,2010
Union,61.66980266978362,2010
Allegany,50.04792494998928,2010
Parker,60.36602504868456,2010
Randall,68.22997004366529,2010
Roberts,63.384478306970685,2010
San Jacinto,50.60685435221036,2010
Lawrence,69.23141087586255,2010
Lewis,69.35533432054694,2010
Pittsburg,52.42523707936982,2010
Burt,76.74556023130634,2010
Holt,73.28861032498888,2010
Lancaster,67.74197728188098,2010
Madison,74.99896910204984,2010
Morrill,72.39638899758651,2010
Nuckolls,74.25929361355442,2010
Scurry,57.419938349607506,2010
Shackelford,57.14896902834223,2010
Somervell,57.05821558848288,2010
Sutton,51.460754684685845,2010
Giles,45.16272031024465,2010
Washita,72.90047024724237,2010
Barnwell,59.852494187492866,2010
Emmons,72.05953490887507,2010
Chippewa,65.35814960834847,2010
Johnson,62.05993906362363,2010
Karnes,64.9251563190804,2010
Goochland,49.45693285866925,2010
Montgomery,56.16315540618251,2010
Neshoba,60.27546131091693,2010
Edgefield,48.739614241797305,2010
Musselshell,62.530582265973464,2010
Yamhill,58.74416955318614,2010
Bedford,48.91216123636873,2010
Mercer,42.86981544268564,2010
Ohio,43.77131242481581,2010
Panola,62.188073139061295,2010
Prentiss,58.14908960397191,2010
Cortland,54.40926529104906,2010
Franklin,51.366997116999876,2010
Stillwater,62.259707124517305,2010
Wayne,67.4739719301831,2010
Day,65.04371640736291,2010
Douglas,78.1184156010056,2010
Hanson,76.85267846454173,2010
Harding,69.48972178702451,2010
Hutchinson,77.5373104266414,2010
Wallowa,54.62386632429069,2010
Lehigh,47.507858033360584,2010
Austin,72.92877123215588,2010
Genesee,70.48713725429675,2010
Schuyler,53.0710613883176,2010
Edgecombe,69.31036399894975,2010
Swisher,74.6104707158845,2010
Taylor,53.72912882129577,2010
Terry,71.09337180333803,2010
Upton,52.64789823030535,2010
Yadkin,56.180852585320785,2010
Woodward,68.7691051075768,2010
Kearney,77.46345504776711,2010
Nemaha,75.09330184748825,2010
Phelps,77.3294031414959,2010
Sheridan,71.10874024332645,2010
Stanton,75.10440309072557,2010
Thurston,74.42623961524329,2010
Webster,73.3914840078897,2010
Wichita,65.52349420121034,2010
Henry,45.524276023070335,2010
Columbia,49.75816888652212,2010
Aurora,77.849963262737,2010
Beadle,77.95196296119244,2010
Brown,76.10065081634566,2010
Columbia,70.16879142893447,2010
Dane,64.25136920431014,2010
Kaufman,67.91321684794092,2010
Kerr,47.839083363406715,2010
Kinney,51.75343735355531,2010
Scott,59.919526522126965,2010
Sunflower,76.73590106764225,2010
Wayne,56.58029480184084,2010
Crawford,49.24622296721845,2010
Dade,67.15093756651538,2010
Brule,74.75664928773759,2010
Boyd,70.56271912278788,2010
Berks,53.171994105948464,2010
Butler,48.69358232451713,2010
Jerauld,75.59243115031825,2010
Kingsbury,73.85201612595009,2010
Upshur,45.317268789100076,2010
Webster,41.52847787532117,2010
Lincoln,51.03190970409696,2010
Onslow,58.855400665909436,2010
Pitt,67.12083593299008,2010
Randolph,49.3304746725884,2010
Rockingham,48.74333868661233,2010
Brown,70.81553069827504,2010
Burleigh,70.89446761730716,2010
Lawrence,48.08268691203169,2010
Turner,78.19994812139818,2010
Polk,76.94761020859715,2010
Jefferson,51.23979916498799,2010
Walthall,61.088951744486266,2010
Mercer,68.38248755033696,2010
Willacy,72.46753477681754,2010
Sanpete,50.930354993004265,2010
Washington,50.12158911605398,2010
Dunn,64.89171934127505,2010
Coos,47.98977734626615,2010
McIntosh,53.09338442822147,2010
Wibaux,67.6231616398442,2010
Adams,75.53566112187879,2010
Wheeler,73.62922966119244,2010
Esmeralda,45.37608553908018,2010
Mineral,46.84967128504525,2010
Pershing,52.62423727334126,2010
Catron,47.33197905868996,2010
Lamb,72.02084508523515,2010
Mathews,61.18893627563751,2010
Nelson,46.16952656544752,2010
Orange,54.842540667342305,2010
Prince George,51.892658195385266,2010
Rockingham,53.101849409205194,2010
Daviess,70.62303129049633,2010
Dent,51.21858347536834,2010
Washington,51.7011230357393,2010
Antelope,75.79688710409859,2010
Boone,75.9410744576772,2010
Hardeman,59.299783917325065,2010
Liberty,71.24193812325724,2010
Lipscomb,69.5780752729455,2010
Lynn,73.34255097007691,2010
McLennan,65.57805461600987,2010
Douglas,54.50372818542305,2010
Greene,58.773448536029804,2010
Wilson,66.86038108364842,2010
Bottineau,76.42762860656323,2010
Miller,73.76452310766007,2010
Effingham,67.72459752906956,2010
Johnson,58.43006026796832,2010
Marion,65.6111795757125,2010
Winneshiek,71.99483078305202,2010
Clay,72.02835063569205,2010
Geary,63.50983112406141,2010
Ottawa,72.80285890738539,2010
Sheridan,75.74988659705083,2010
Oakland,38.62343027965506,2010
Pennington,78.31800139655539,2010
Aitkin,67.19073949621686,2010
St. Johns,55.618807490220824,2010
Banks,51.22379812120096,2010
Wilson,66.31138920845865,2010
Alexandria,23.277607670473593,2010
Manassas,24.887876025524157,2010
Green,72.81176174798819,2010
Can√≥vanas,,2010
Dorado,,2010
Chisago,65.75831456499213,2010
Houston,61.625416219471894,2010
Sheridan,73.53258683433393,2010
Arthur,71.40982523031664,2010
Cedar,75.16153522919333,2010
Custer,72.23001577426012,2010
Westmoreland,56.84127897946126,2010
Rockwall,50.84915213053779,2010
Wheeler,64.66072148671647,2010
Orleans,53.219495419034914,2010
Macon,70.8445216163797,2010
Owen,53.40502812570852,2010
Adams,74.73613668288304,2010
Milwaukee,30.40977551577362,2010
Roberts,74.1288650219359,2010
Franklin,52.407648935990316,2010
Franklin,47.20505687951507,2010
Norfolk,23.26830102942414,2010
Waynesboro,35.50461193380788,2010
Mower,76.96943047472318,2010
Madison,51.495195862276816,2010
Marion,54.34821114469339,2010
Jefferson,56.47608947423835,2010
Crawford,76.95750360596082,2010
Sheridan,72.23003066504272,2010
Greene,62.15610404376256,2010
Preble,69.50611676489834,2010
Williams,73.57773030067403,2010
Crawford,51.58992250250805,2010
Lee,77.1943363560678,2010
Harrison,55.623852643522284,2010
Benton,53.49662441100359,2010
Story,74.27705430761412,2010
Cowley,69.4627383366642,2010
Hodgeman,74.36386188601331,2010
Linn,68.12799394290582,2010
Madison,71.57448816503317,2010
Mille Lacs,59.6918201546341,2010
Moniteau,66.89165169849046,2010
Texas,55.06277141624466,2010
Dawson,70.11960660740445,2010
Cooke,62.40388805561259,2010
Brunswick,50.05960534072836,2010
Steele,75.4802779541673,2010
Colquitt,67.37064708456985,2010
Seminole,66.73474324661112,2010
McPherson,74.08194872922805,2010
Ingham,66.7570805890931,2010
Caldwell,71.61759334194103,2010
Nance,74.13164138093585,2010
Russell,71.03077383735082,2010
Emmet,54.80721721365569,2010
Logan,72.30198805221983,2010
Hamilton,45.140225538547234,2010
Adams,58.30240061383898,2010
Grant,75.52555052610694,2010
Cameron,42.56004755620258,2010
Tioga,50.1157253830977,2010
Alcorn,58.281809080186946,2010
Coahoma,76.88597308146286,2010
Itawamba,57.50293259468725,2010
Callahan,55.409514654525225,2010
Duval,55.75683341464722,2010
Dodge,74.98205323300976,2010
Gage,73.94611766664082,2010
Midland,69.96572939946984,2010
Osceola,61.41031931499583,2010
Washtenaw,60.256535073710786,2010
Greene,59.994552329060596,2010
Cibola,48.732479776687114,2010
Foster,77.76198807665408,2010
Washington,65.44836608606516,2010
Bon Homme,74.86243139672855,2010
Deuel,75.4928532231071,2010
Erath,59.1628571875001,2010
Gillespie,50.41532164094883,2010
Kendall,47.92073104552597,2010
Clay,53.63576994885299,2010
Putnam,42.56610490159526,2010
Clark,66.98170472977135,2010
Jackson,60.29299703793918,2010
Cheshire,46.01766666205865,2010
Union,26.035447804330236,2010
Walworth,71.18574196637493,2010
Macon,54.945206177108034,2010
Chambers,75.38969599329835,2010
Dawson,71.71045275700493,2010
Hamilton,59.42767236540273,2010
Hutchinson,60.04119657117703,2010
Gem,62.50730117099479,2010
Summers,44.20939149727067,2010
Lafayette,71.68215887570474,2010
Chase,74.94252058575695,2010
Keith,70.90980889278318,2010
Hot Springs,53.26014567184537,2010
Chambers,50.19371398976029,2010
Bell,59.95801312491155,2010
Gonzales,65.90012276194899,2010
Jack,62.55292892851465,2010
Lavaca,68.66399934698343,2010
Parmer,75.92707011809053,2010
Craighead,73.6419705169457,2010
Adair,66.06443129881171,2010
Carter,44.42470266274108,2010
DeKalb,72.50438748977803,2010
Jerome,72.24773533682536,2010
Teton,61.049253445812724,2010
Nottoway,51.42622546971023,2010
Monongalia,43.36970184829566,2010
Pulaski,52.47906813146186,2010
Cumberland,43.02933469390138,2010
Dukes,41.12105114870338,2010
Alger,56.338743491405594,2010
Clinton,71.56763468212007,2010
Howell,57.63171923789035,2010
Lampasas,51.31900922191745,2010
Potter,53.97913633737615,2010
Stephens,55.441495151152644,2010
Saunders,75.09535251939386,2010
Carson City,44.91883279746318,2010
Los Alamos,46.589167406163426,2010
Broome,47.84446291413504,2010
Cambria,44.96376940137482,2010
Lawrence,53.19228812755599,2010
Lebanon,55.62146099812889,2010
Potter,45.50050160278392,2010
Hancock,70.54006396304585,2010
Randolph,74.18558927185673,2010
Guthrie,73.7124588602088,2010
Morris,69.86434841507037,2010
Marquette,69.6881727832293,2010
Winnebago,56.13139403011613,2010
Natrona,52.62372656171388,2010
Oktibbeha,63.09059754853427,2010
Grundy,72.50082743760899,2010
Roger Mills,66.92486875308,2010
Adams,59.5077864786514,2010
Stephens,45.139101979811244,2010
Bonner,42.01192517781387,2010
Iroquois,77.03380974965393,2010
Hot Spring,49.41803615229794,2010
Clay,48.50643965473018,2010
Iron,44.440903533523965,2010
Cuming,77.38601364940878,2010
Franklin,73.78013182873002,2010
Lewis,55.28788380826154,2010
Cimarron,68.94818916149107,2010
San Juan,50.12338895269332,2010
Vernon,58.42038764167129,2010
A√±asco,,2010
LaPorte,68.85315012028103,2010
Eaton,69.94046420301581,2010
Ionia,70.19347257062165,2010
Luce,67.27863845648871,2010
Madison,47.27736307378861,2010
Osage,57.105915625709805,2010
Orleans,71.25154627319851,2010
Pickaway,72.05674147591634,2010
Mercer,53.44230699720254,2010
Spink,78.6437725291524,2010
Wyoming,62.55355216699873,2010
Cleveland,53.87290895418573,2010
Tuscola,71.6154871072068,2010
Brookings,75.35754032459987,2010
Wilbarger,66.7369907259354,2010
Yoakum,63.59728996418822,2010
Chittenden,44.54799736719396,2010
Rockbridge,49.60996458685239,2010
Comanche,59.62802187608392,2010
King,52.393788651584615,2010
Menard,51.89755043222115,2010
Throckmorton,64.150583634991,2010
Sevier,48.07152468219786,2010
Charlottesville,23.6433737394316,2010
Fulton,49.57046120116633,2010
Jackson,67.65866289494286,2010
Gregory,68.40290103576847,2010
Hyde,74.28209194937554,2010
McPherson,72.5338085538486,2010
Casey,53.069614844846406,2010
Houghton,50.30510236582881,2010
Staunton,41.74976105656443,2010
Barron,62.873835057135025,2010
Langlade,60.762002377557174,2010
Moca,,2010
Dade,46.539622671631726,2010
Putnam,65.70512453131748,2010
Wayne,67.03923051602318,2010
Cedar,75.30802394594485,2010
Kossuth,78.57470529574535,2010
Lee,47.65872736424188,2010
Pima,51.3263537561243,2010
Cerro Gordo,74.91920223245383,2010
Humboldt,78.21932173190378,2010
Wapello,67.29711317299125,2010
Wright,78.09815280534632,2010
Decatur,75.42970016742868,2010
Martin,60.770026947825734,2010
Rensselaer,48.95811600637226,2010
Polk,58.729996827783914,2010
Warren,70.29902773981175,2010
Brown,75.1256998086061,2010
Hood,59.00801876400321,2010
Mitchell,56.43429683041377,2010
Sherman,74.57310291807786,2010
Bibb,50.0119575046462,2010
Santa Cruz,51.39331679715316,2010
Rio Blanco,47.59454185190448,2010
Pleasants,41.596664936379675,2010
Clinton,53.505235172925495,2010
Cumberland,47.2894354905438,2010
Cumberland,52.399542550564625,2010
Smyth,49.751845650090715,2010
Winona,61.271031266943005,2010
Pike,56.751842514889006,2010
Tishomingo,50.90750478459922,2010
Marshall,72.92704639181989,2010
Wilson,71.0153284803818,2010
Calloway,59.38990284823992,2010
Graves,67.59305682808275,2010
Mason,62.0415143099102,2010
Montgomery,48.17379223745317,2010
Sandusky,70.88435119070691,2010
Logan,63.49239300031651,2010
Jessamine,62.816960845035084,2010
Monroe,58.358138868166165,2010
Stephens,63.35518730078532,2010
Gooding,64.35827745760506,2010
Douglas,76.40269720152641,2010
Kankakee,72.5227305535591,2010
Dimmit,54.136956033304685,2010
Falls,74.81897598640421,2010
Frio,58.63348495864082,2010
Hansford,73.29705214820073,2010
Limestone,69.04622915803992,2010
Caguas,,2010
Tolland,45.81018593734769,2010
Bacon,67.3913179847649,2010
Hood River,44.26010189831533,2010
Lake,52.05326452152124,2010
Caddo,68.27779630337932,2010
Harper,71.15469635026017,2010
Noble,68.97176567494583,2010
Florida,,2010
Humacao,,2010
Poinsett,77.72526139958839,2010
Guaynabo,,2010
Jayuya,,2010
Glascock,54.90016313056701,2010
Lumpkin,43.190026883330745,2010
Dickinson,72.41889919796914,2010
Osage,68.94635538249473,2010
Rush,75.29863162654598,2010
Thomas,77.76152034513916,2010
Kimball,74.75838782190093,2010
Van Buren,47.6618439284837,2010
Kiowa,74.39799771074631,2010
Morgan,72.48373827950537,2010
Sedgwick,75.97273186832793,2010
Carroll,42.96809384102695,2010
Ontario,60.12992138787019,2010
Danville,32.56752783858756,2010
Virginia Beach,46.369230263694625,2010
Pawnee,71.19558441600108,2010
Sherman,72.25353628068981,2010
Douglas,49.86421854860092,2010
Shelby,71.39643997860404,2010
Cass,67.04350470515072,2010
Kalamazoo,58.4897554531387,2010
Ogemaw,58.95813892778175,2010
Saginaw,67.94807246569981,2010
LaSalle,71.97845658979084,2010
St. Clair,62.58138621313626,2010
Real,47.953603146195455,2010
Wythe,54.88097641587031,2010
Brown,42.809210952271734,2010
Hamilton,58.071506776453035,2010
Washington,64.98512022218547,2010
Milam,70.44829640531132,2010
Uvalde,53.419803762799184,2010
Davis,33.34369256319143,2010
Lo√≠za,,2010
Sussex,48.64751391401841,2010
Santa Fe,50.27634647209952,2010
Cass,76.7810558014237,2010
Plymouth,76.57956996729524,2010
Atchison,72.00665965425556,2010
Lincoln,46.17865284024281,2010
Carroll,49.44424193638209,2010
Naguabo,,2010
Hendry,79.24427464196435,2010
Paulding,42.7728956722185,2010
Las Mar√≠as,,2010
Maunabo,,2010
Stutsman,73.51572205591206,2010
Adams,53.14994816981324,2010
Grant,53.64937264475276,2010
Scioto,46.587790212606805,2010
Leelanau,51.42990319474868,2010
Montcalm,68.91074124490737,2010
Fayette,68.40969341952346,2010
Livingston,76.6790901900022,2010
Wexford,51.887386739971156,2010
Douglas,65.492890249699,2010
Wake,40.169405994771296,2010
Lawrence,58.33547414799007,2010
Foard,57.72671381079405,2010
Watauga,43.562062126462536,2010
St. Thomas,,2010
St. Lucie,62.994573772038194,2010
Bethel,,2010
Marathon,65.01858949049858,2010
Lake,53.14739262282891,2010
Wabash,68.75903903854329,2010
Butler,77.33221217138666,2010
Greene,77.52940242514421,2010
Le Sueur,71.5393744389225,2010
White,72.4311753892494,2010
Ohio,54.38952637107299,2010
Comer√≠o,,2010
Vega Baja,,2010
Harvey,73.91768137886888,2010
Jewell,73.02612288701604,2010
Umatilla,63.33769642628256,2010
Jefferson,49.23626355890992,2010
Charleston,61.40739757192451,2010
Buffalo,70.85880857640221,2010
Piute,48.747706305528446,2010
Northampton,50.479048956661316,2010
Harrisonburg,30.232781185685457,2010
Winchester,26.522427836792914,2010
Montgomery,62.59899226414535,2010
Tioga,52.54872496445216,2010
Osborne,73.45489817258145,2010
Scott,77.90139656487163,2010
Washington,72.52057964826463,2010
Belmont,51.12536098620887,2010
Jefferson,33.20778661026901,2010
Metcalfe,57.28894780866558,2010
Sabana Grande,,2010
Trujillo Alto,,2010
Montgomery,71.11509050719876,2010
Orocovis,,2010
Toa Baja,,2010
Kent,52.741442577149456,2010
Clinton,70.32843552046496,2010
Geauga,49.16618596603806,2010
Greenlee,47.611894469335724,2010
San Diego,47.630752118914565,2010
Clay,58.27856713483934,2010
Gentry,72.14888432170208,2010
Linn,72.97568668909716,2010
Louisa,72.49570045579412,2010
Franklin,57.43676731573085,2010
Martin,48.9527944539737,2010
Tippecanoe,67.10127439869557,2010
Adams,75.91271305878684,2010
Franklin,47.999541485171214,2010
Kings,75.05246277594048,2010
Yuma,73.62677642523303,2010
Moffat,50.86789148956061,2010
Elbert,70.32777129019834,2010
Franklin,52.40108339055467,2010
Alcona,55.89409928410984,2010
Ringgold,74.1052017412204,2010
Bourbon,70.17134101934157,2010
Elk,67.44117469536833,2010
Kiowa,73.36160682302608,2010
Lee,61.059630368542685,2010
Sharkey,82.18619638322997,2010
Posey,70.37948126552853,2010
Des Moines,66.27424658575376,2010
Bingham,62.46818094055811,2010
Hardin,74.12118748449296,2010
Oglala Lakota,64.60181638813437,2010
Hardin,54.26741446365201,2010
Armstrong,63.47979681208845,2010
Asotin,62.57050217966327,2010
Taylor,46.909717249482725,2010
Gaston,43.233430979236644,2010
Logan,69.57753825449662,2010
Renville,77.58586136552856,2010
Meigs,47.30365847981753,2010
Summit,33.853248166791005,2010
Robertson,54.54536933859596,2010
Warren,61.00645085955403,2010
Johnson,49.005971200612386,2010
Searcy,50.640285350450895,2010
Cheyenne,74.177873599365,2010
Marion,50.75676371707763,2010
Lake,70.90791170283546,2010
Sequatchie,45.89928607153911,2010
Sheboygan,69.09689135482104,2010
Rogers,60.89227098793921,2010
Crow Wing,55.04301400242802,2010
Wabasha,66.0633184666372,2010
Montgomery,52.318287498594024,2010
Washington,55.313912451697995,2010
Whiteside,73.30639361616153,2010
Crawford,47.45970052185889,2010
Sharp,50.416320982688006,2010
Walker,47.894075255162605,2010
St. Croix,66.26039297898211,2010
Belknap,41.07240906630862,2010
Custer,60.35330797858718,2010
Knox,62.664859918087025,2010
McKinley,49.89212448701352,2010
Simpson,55.878212095231426,2010
Christian,56.554858018203504,2010
Brown,53.05588710230881,2010
Clay,67.89052434352017,2010
Andrew,70.86649595386773,2010
Morgan,53.915490709965646,2010
Manitowoc,72.93470673080289,2010
Racine,61.71910739390279,2010
Hampden,42.00862888823149,2010
Iosco,57.86102198396816,2010
Fremont,75.10719689786103,2010
Barren,64.76985602971142,2010
Franklin,70.21056646305735,2010
Hays,47.595653831529624,2010
Llano,49.240657445917776,2010
Caledonia,50.129911027299435,2010
Dutchess,47.4123411808591,2010
Schoharie,52.5427855579116,2010
Ray,68.87480972972843,2010
Rock,72.18424784688173,2010
Volusia,54.17256749743316,2010
Middlesex,39.34652036197981,2010
Sully,73.30700953543565,2010
Columbia,51.89418224131791,2010
Otoe,74.94744727298038,2010
Cayuga,62.07520541109626,2010
Windham,50.45842218763228,2010
Lafayette,69.1230761716458,2010
Christian,62.01380768041722,2010
Lyon,44.82020204754139,2010
Appomattox,51.64549388949142,2010
Preston,47.197833766693805,2010
Alleghany,52.56357706234697,2010
Catawba,48.14481282153874,2010
Schuyler,64.17418342905466,2010
Warrick,59.85014890725802,2010
Brown,62.307592461908804,2010
Highland,65.19564151952716,2010
Madison,74.96082849118585,2010
Carroll,49.54776642589517,2010
Jeff Davis,63.06692841641403,2010
Creek,52.77378900171096,2010
Roseau,82.54151569379326,2010
Clark,67.48796596194532,2010
Todd,70.60520108151839,2010
Chemung,48.592213757893894,2010
Durham,39.851395749864075,2010
Perquimans,72.07918692209084,2010
Oldham,52.598565054737755,2010
Assumption,77.8509447145838,2010
Cherokee,51.040501264349814,2010
Corson,70.57621686325616,2010
Decatur,51.536042692194954,2010
Hancock,48.663967472742236,2010
Madison,66.33641457055654,2010
Bureau,74.45818686780493,2010
Carroll,56.5234550433367,2010
Marshall,59.28958457757717,2010
Juana D√≠az,,2010
Salinas,,2010
Carroll,59.63325088075226,2010
Sussex,58.21606723793621,2010
Burnett,56.382350155151414,2010
Forest,60.1794247180057,2010
